日期,区域,记录人,交接内容,进度,备注,处理意见,类型,处理人,更改记录,,,尹伟文,程序修改记录 ,备件更换记录  ,,,
2020/1/1,A2FR010_DL010,林旺腾,翼子板转台变频器参数设置由with→without，运行前后电流无明显变化，无异响，变频器备份放在E:\05_程序备份\3_变频器参数备份\A2宇方变频器参数备份，明天开班请注意。,3/4,,,其他控制 ,林旺腾,,,,,,,,,
2020/1/1,FO150,林旺腾,程序备份放在交接文件夹E:\01_修改程序交接\2020年1月，请注意。,3/4,,,程序,林旺腾,,,,,,,,,
2020/1/1,A2UB010_20200101,李颖琛,"新增涂胶展示位,涂胶拍照检测不通过时,程序自动调机器人到SEG[42],停在展示位,等待人工确认.确认后在HMI操作,机器人走SEG[43],之后正常放件.  
操作说明：                                 1.视觉拍照不通过时：在HMI界面Vision Check 输入密码（大于100），按DO和Manual Confirm Gule ok .                                        2.人工抽查胶水质量，手动调展示位：在HMI界面Vision Check中，按DO和R1 To Disp Check Pos(在放件前操作).                                  ",3/4,,,程序,李颖琛,,,,,,,,,
,,,Program:UB010LF01                          Routine:     S155_UB010R1ToVisionChkPosition  S158_UB010R1RtnVisionChkPosition        Rung:   ALL                                说明：  新增两个Routine .,3/4,,,程序,李颖琛,,,,,,,,,
,,,"新增从LF01上线后的放件轨迹,从下线位UB010LF01上线后，向UB010JG01放件时，需要调用这段程序，轨迹会绕过MC060APC下料位的工件。",3/4,,,程序,李颖琛,,,,,,,,,
,,,Program:UB010JG01                          Routine:                        S060_UB010R1Drop_FromCart          S070_UB010R1PrtChkClr1_FromCart            S080_UB010R1PrtChkClr2_FromCart         Rung:   ALL                                说明：  新增两个Routine,3/4,,,程序,李颖琛,,,,,,,,,
,,,"UB010与机器人交互的Dcode修改,UB010R1机器人ValidSeg增加，MotionEnable增加SEG",3/4,,,程序,李颖琛,,,,,,,,,
,,,Program:UB010LF01                      Routine:V100_UB010R1Common              Rung:   3、4、10-14                                    说明：  更改Dcode 具体查看流程图,3/4,,,程序,李颖琛,,,,,,,,,
,,,"UB010与机器人交互的Dcode修改,UB010R1机器人ValidSeg增加，MotionEnable增加SEG",3/4,,,程序,李颖琛,,,,,,,,,
,,,Program:UB010JG01                      Routine:V100_UB010R1Common              Rung:   1、2、 6、 7                        说明：  更改Dcode 具体查看流程图,3/4,,,程序,李颖琛,,,,,,,,,
,,,新增手动去涂胶展示位功能，更改HMI中Vision Check 去展示位按钮。,3/4,,,程序,李颖琛,,,,,,,,,
,,,Program:UB010JG01                      Routine:S150_UB010R1Vision             Rung:   19、20                             说明：  新增手动去涂胶展示位功能,3/4,,,程序,李颖琛,,,,,,,,,
,,,更改涂胶检测程序SEG，由SEG[46]更改为[70],3/4,,,程序,李颖琛,,,,,,,,,
,,,Program:UB010JG01                      Routine:S150_UB010R1Vision             Rung:   19、20                             说明：  新增手动去涂胶展示位功能,3/4,,,程序,李颖琛,,,,,,,,,
,,,新增上线不涂胶过渡轨迹SEG[54][55]，上线不涂胶时将DI[66]和DI[98]置On                     HMI操作：                                  1.上线不涂胶时，只进行上线操作。无其他特殊操作。                                        2. 需要上线涂胶时，在UB010HMI中Vision Check 按DO+R1 Online to Disp 按钮。UB010LF01HMI中Disp Check屏幕中按 复位+R1 to Disp 按钮。          ,3/4,,,程序,李颖琛,,,,,,,,,
,,,"Program:UB010R1                      Routine:S135_UB010R1Vision_Wait             Rung:   all                                 说明：  上线不涂胶过渡轨迹,上线时默认不涂胶。",3/4,,,程序,李颖琛,,,,,,,,,
,,,增加上线请求，HMI设置选择上线后，机器人回Home时有效，置OnLine_Req 为On。用于上线后的放件程序的条件,3/4,,,程序,李颖琛,,,,,,,,,
,,,Program:UB010LF01                      Routine:C010_Online_Offline             Rung:   3、 4                              说明：  上线请求置位信号和清空信号。,3/4,,,程序,李颖琛,,,,,,,,,
,,,"更改UB010HMI,更新ScrollList",3/4,,,程序,李颖琛,,,,,,,,,
2020/1/1,A2MC060APC01,,"更改从MC060 Spanner传递到UB010的数据,机器人与APC干涉SEG条件",3/4,,,程序,李颖琛,,,,,,,,,
,,,Program:MC060APC01                    Routine:C001_InterlockStatus           Rung:   13                                说明：  数据传递,3/4,,,程序,李颖琛,,,,,,,,,
,,,MC060APC下料位 Buff 延后下翻，Seg[31]APC下一托盘运行到下料位。,3/4,,,程序,李颖琛,,,,,,,,,
,,,Program:MC060APC01                    Routine:     S110_PreUnLoadPosClampClose_In_PM31V4       Rung:   4                                 说明：  数据传递,3/4,,,程序,李颖琛,,,,,,,,,
,,,增加PPX15传感器，用于检测APC下料口第二个Buff前进，防止Buff在机器人放件时进入下料口。,3/4,,,程序,李颖琛,,,,,,,,,
,,,Program:MC060APC01                    Routine:  B008_APCSetup  S035_ApcMontorFwd               Rung:   4  3                               说明：  增加PPX15传感器,3/4,,,程序,李颖琛,,,,,,,,,
2020/1/1,MC050,,"HMI:                                        1.D网网络走向
2.D网Layout图MC050R3和焊机位置移动
3.交换机接口图，机器人mc060R3和焊机从MC050CELL交换机1改到交换机2",3/4,,,程序,李颖琛,,,,,,,,,
2020/1/1,A2UB030,,HMI:以太网Layout图添加了PM61 PM71网络走向,3/4,,,程序,李颖琛,,,,,,,,,
,,,"程序改动：1.UB030添加两个阀岛PM61  PM71
         2.UB030JG01修改                       RoutineS030 S040 第11行
RoutineS110 S120第10行
RoutineS150 S16第8行
RoutineS230 S240第8行
RoutineS270 S280第10行          
                                  B001_MapInputs第12、13、 14 、 15行 阀岛模块的转态读取与以太网通信
B002_MapOtputs第3行 阀岛输出点映射
B007_StatusSummation第2行 添加PM61.CommOk  PM71.commOK",3/4,,,程序,李颖琛,,,,,,,,,
2020/1/1,UR080_090,李颖琛,UR090右后四号销增加E210传感器PPX08 BK04.I.D07报警号 2132  2147。,3/4,,,程序,李颖琛,,,,,,,,,
2020/1/1,SFI100,李颖琛,"FI100右后四号销增加E210传感器PPX14 BK04.I.D14报警号 2827  2828。
FI110右后四号销增加E210传感器PPX14 BK04.I.D14报警号 3827  3828。
",3/4,,,程序,李颖琛,,,,,,,,,
2020/1/1,SFI120,李颖琛,"FI120右后四号销增加E210传感器PPX22 BK06.I.D12报警号 2135  2162。
",3/4,,,程序,李颖琛,,,,,,,,,
2020/1/1,FO020_030,李颖琛,"FO020右后四号销增加E210传感器PPX12 BK02.I.D14报警号 3154  3150。
FO030右后四号销增加E210传感器PPX19 BK12.I.D00报警号 4391  4497。
",3/4,,,程序,李颖琛,,,,,,,,,
2020/1/1,FO040_050,李颖琛,"FO040右后四号销增加E210传感器PPX18 BK02.I.D12报警号 2391  2393。
",3/4,,,程序,李颖琛,,,,,,,,,
2020/1/1,FO140_150,李颖琛,FO150右后四号销增加E210传感器PPX11 BK03.I.D00报警号 6198  6199。,3/4,,,程序,李颖琛,,,,,,,,,
2020/1/1,RL020_30,李颖琛,"RL020右后四号销增加E210传感器PPX09 BK03.I.D14报警号 2159  2163。
RL030右后四号销增加E210传感器PPX09 BK03.I.D14报警号 10159  10163。
",3/4,,,程序,李颖琛,,,,,,,,,
2020/1/1,RL040_50,李颖琛,"RL040右后四号销增加E210传感器PPX09 BK03.I.D00报警号 2159  2163。
RL050右后四号销增加E210传感器PPX09 BK03.I.D00报警号 10159  10163。
",3/4,,,程序,李颖琛,,,,,,,,,
2020/1/1,RL060_70,李颖琛,"RL060右后四号销增加E210传感器PPX09 BK03.I.D00报警号 2159  2163。
",3/4,,,程序,李颖琛,,,,,,,,,
2020/1/1,RL080_90,李颖琛,"RL080右后四号销增加E210传感器PPX09 BK01.I.D14报警号 2159  2163。
RL090右后四号销增加E210传感器PPX09 BK03.I.D00报警号 10159  10163。
",3/4,,,程序,李颖琛,,,,,,,,,
2020/1/1,RL100_110,李颖琛,"RL100右后四号销增加E210传感器PPX09 BK03.I.D00报警号 2159  2163。
RL110右后四号销增加E210传感器PPX09 BK03.I.D00报警号 10159  10163。
",3/4,,,程序,李颖琛,,,,,,,,,
2020/1/1,RL120_130,李颖琛,"RL130右后四号销增加E210传感器PPX18 BK08.I.D06报警号 3123  3143。
",3/4,,,程序,李颖琛,,,,,,,,,
2020/1/1,RL140_170,李颖琛,"RL170右后四号销增加E210传感器PPX04 BK06.I.D14报警号 2220  2222。
",3/4,,,程序,李颖琛,,,,,,,,,
2020/1/1,E2LB_A2_DL,李颖琛,"DL040 A2SL R4,R5提前调Pounce，短接点Yu_Test.24,已启用",3/4,,,程序,李颖琛,,,,,,,,,
2020/1/1,E2LB_A2_DL,李颖琛,DL040 A2SL工装吸盘吹气，由1.5S改为0.5S,3/4,,,程序,李颖琛,,,,,,,,,
2020/1/1,A2SO010,李颖琛,010-020新建标签NewCarStyle_Selected,3/4,,,程序,李颖琛,,,,,,,,,
2020/1/1,A2SO010,李颖琛,"010-020新增Style17(A2SL-L),Style18(A2SL-R)",3/4,,,程序,李颖琛,,,,,,,,,
2020/1/1,A2SO010,李颖琛,"010-020新增Style19(A2LL-L),Style20(A2LL-R)",3/4,,,程序,李颖琛,,,,,,,,,
2020/1/1,A2SO010,李颖琛,"A2SO020R2Init.Clear增加条件：
           A2SO020RT1ToA2SO010R3.Clear.0",3/4,,,程序,李颖琛,,,,,,,,,
2020/1/1,A2SO015,李颖琛,015-030新建标签NewCarStyle_Selected,3/4,,,程序,李颖琛,,,,,,,,,
2020/1/1,A2SO015,李颖琛,"015-030新增Style17(A2SL-L),Style18(A2SL-R)",3/4,,,程序,李颖琛,,,,,,,,,
2020/1/1,A2SO015,李颖琛,"015-030新增Style19(A2LL-L),Style20(A2LL-R)",3/4,,,程序,李颖琛,,,,,,,,,
2020/1/1,A2FR_DL_010,李颖琛,"FR010修改变频器Drive驱动方式
（WITH BACKLASH改为WITHOUT BACKLASH）",3/4,,,程序,李颖琛,,,,,,,,,
2020/1/1,A2SO015,李颖琛,"015-030新增机器人SO015R4/SO030R5必须在
Home位才能上自动",3/4,,,程序,李颖琛,,,,,,,,,
2020/1/1,A2HD010,李颖琛,HD010修改A2SL车型的T2 ，T4工装传感器关联,3/4,,,程序,李颖琛,,,,,,,,,
2020/1/1,A2SO015,李颖琛,A2SO015添加机器人R4，A2SO030添加机器人R5,3/4,,,程序,李颖琛,,,,,,,,,
2020/1/1,A2SIR010,李颖琛,"增加车型指示灯，线接在010变频柜内，输出点为M1.O.Spare07、M1.O.Spare08
程序修改位置
Program:SI010TT
Routine: B002_MapOutputs
",3/4,,,程序,李颖琛,,,,,,,,,
2020/1/1,fo090,李颖琛,A2GATE 与SB底板勾销发生过碰擦，未见明显损坏，请注意跟踪。,2/4,,,机械,李颖琛,,,,,,,,,
2020/1/2,RL070,林旺腾,输入&输出模块损坏（YB15801），已更换。,3/4,,,备件,林旺腾,,,,,,,,,
2020/1/2,E2MC021,林旺腾,E2MC030R1不抓SB的APC上的料，发现是APC上定位块松动，紧固后未发生，请继续跟踪。,3/4,,,其他控制 ,林旺腾,,,,,,,,,
2020/1/2,CV14,林旺腾,3#小车减速行程开关掉下，线被拉过，已修理放出，请注意跟踪。,3/4,,,机械,林旺腾,,,,,,,,,
2020/1/2,CV9,林旺腾,65号雪橇的tag写成85，之后需抓住重新写，请知晓。,3/4,,,其他控制 ,林旺腾,,,,,,,,,
2020/1/2,E2MC040,李颖琛,6#pallet在上层时没有信号，BALLUFF模块断电重启后恢复。,3/4,,,通讯,李颖琛,,,,,,,,,
2020/1/2,CV9,李颖琛,65号雪橇的tag已修改。,3/4,,,其他控制 ,李颖琛,,,,,,,,,
2020/1/3,CV11,林旺腾,TC03坦克链电缆（SE11462）已从中心调来，请知晓。,3/4,17：30时发生了一次，手动模式只能单方向动，怀疑没有输出,,备件,林旺腾,,,,,,,,,
2020/1/3,CV12,李颖琛,生产反映TT02边上的喇叭太吵，在其边上的控制箱里将声音关轻。,3/4,,,其他控制 ,李颖琛,,,,,,,,,
2020/1/3,CV11,李颖琛,"TF21在unload位置时不下降，1962i（TF21 UNLOAD TO CV11 SLOW）信号常亮，检查发现机械式触点开关损坏，现将其信号线拔除。程序不影响。
JG231692 东西在中心，白天调一下。",2/4,,,备件,李颖琛,,,,,,,,,
2020/1/4,CV11,谢诚侃,DS21解垛机升降机限位杆螺丝松动，缺少垫圈等，已通知维修C修理。调整出车位置传感器，使得Rb27，28出车平整,3/4,,,其他控制 ,谢诚侃,,,,,,,,,
2020/1/4,ALL,李颖琛,今日无要事,4/4,,,,,,,,,,,,,
2020/1/5,ALL,谢诚侃,今日无要事,4/4,,,,,,,,,,,,,
2020/1/5,FO130,林旺腾,LB 89车型RF超差报警，bypass做掉，后面一辆SB进入FO130，L1机器人却抓了LB的车顶，维修喊的时候只看到中转台的车型没有清掉，怀疑L1机器人的车型也没有清掉（但没看到），另外应马工要求：目前按照19年12月11日邮件要求――RF超差：通知控制bypass，FO150正常焊接，通知生产；QC超差：通知控制bypass，焊完车顶后FO150不做，直接下线，并通知生产。程序内将现场HMI bypass功能断开，请知晓。,3/4,,,程序,林旺腾,,,,,,,,,
2020/1/5,其他,林旺腾,balluff 远程/基站模块一对，放在办公室中间柜子里，请知晓。,3/4,,,备件,林旺腾,,,,,,,,,
2020/1/6,FO140,谢诚侃,连接组要求，140L1报警温度改至320,3/4,,,其他控制 ,谢诚侃,,,,,,,,,
2020/1/6,FO130,林旺腾,现场HMI bypass功能开启，请知晓。,3/4,,,程序,林旺腾,,,,,,,,,
2020/1/6,CV11,林旺腾,TF21在unload位置时不下降，发现是3791M信号抖动，TF21在unload位置的编码器数值抖动，夜班继续观察，必要时可放大，请知晓。,3/4,,,程序,林旺腾,,,,,,,,,
2020/1/7,ALL,谢诚侃,今日无要事,4/4,,,,,,,,,,,,,
2020/1/6,CV11,林旺腾,TF21编码器数值变化为9000--》0--》8380000--》8379110--》8375000，故障时TF21伸出没到位（不是超程），请继续跟踪。,3/4,,,程序,林旺腾,,,,,,,,,
2020/1/8,FO130,李颖琛,IT反应130的端口有设备向外发数据，现临时将FO130处的无线路由器断电，请知晓。,3/4,,,其他控制 ,李颖琛,,,,,,,,,
2020/1/8,ALL,林旺腾,今日无要事,4/4,,,,,,,,,,,,,
2020/1/9,CV11,李颖琛,1962i（TF21 UNLOAD TO CV11 SLOW）传感器已修复。,3/4,,,备件,李颖琛,,,,,,,,,
2020/1/9,E2MC021,林旺腾,"T3转台Part4 在焊接时PPX7,PPX8在抖动，目前用机器人seg和夹头状态bypass，请知晓。",3/4,,,程序,林旺腾,,,,,,,,,
2020/1/9,其他,林旺腾,"SG61030,220V交流接触器，麻烦早班让东昌调三个过来，CV7测试平台用；另外需找一下PLC串口线，请知晓。",3/4,,,其他控制 ,林旺腾,,,,,,,,,
2020/1/9,CV14,林旺腾,80号段不出车，发现是LB 低配右侧光电没照到孔，夜班进行调整，早班请继续跟踪。,3/4,,,其他控制 ,林旺腾,,,,,,,,,
2020/1/10,E2RD,龚伟杰,后门压机有一根油管活接头松动，导致漏油，胎膜无法上升。现在已重新紧固，加了油，压力调大了1/6圈，上升时间12.5s，请注意跟踪运行状态,3/4,,,其他控制 ,龚伟杰,,,,,,,,,
2020/1/10,CV9,谢诚侃,191号雪橇有定位销断，需要修理。已设置RB400 HOLD,3/4,,,其他控制 ,谢诚侃,,,,,,,,,
2020/1/11,CV7,龚伟杰,CV7 TS241十字岔道附近柜子里EB241滑线电源跳了一次空开，重新打开后恢复正常。可能BUFFER里等待的小车数量太多，之后会安排更换大一点的空开。,2/4,,,备件,龚伟杰,,,,,,,,,
2020/1/11,A2SO015,龚伟杰,机器人R3抓完A2LL内板挂到APC1号拖板之后，打开夹头回HOME时夹头与内板干涉，把料带下来，拉坏了抓手上的八角管和APC拖板支架。当场直接更换，之后手动走过放料轨迹，恢复正常生产，改进方案后续再确定。,2/4,,,其他控制 ,龚伟杰,,,,,,,,,
2020/1/11,CV9,龚伟杰,191号雪橇在CV9，曹鸣晓跟着，会从UR下线，修复雪橇,3/4,,,其他控制 ,龚伟杰,,,,,,,,,
2020/1/11,E2UB070,谢诚侃,SHUTTLE线发生一次启动时FC128刹车接触器未吸合报警；备件JG251003中心调货。明日夜班到货后，更换,2/4,备件暂时没有一样的，考虑用其他接触器替代，暂无更换,,备件,谢诚侃,,,,,,,,,
2020/1/11,E2LB_A2_DL,谢诚侃,发生过A2LL胎膜OTE(A2LLDieChgServo.R.RetEnd) 位置丢失，引起切膜故障；可手动重新开到位。A2LLServoControl[104]数值有漂移，请继续跟踪,2/4,,,其他控制 ,谢诚侃,,,,,,,,,
2020/1/12,E2RD,林旺腾,班组反映压机偶有有上升不动情况，开班检查压机油温（46.5℃）和冷却水流量（4gal/min，建议值为25L/min，1gal/min=4.5L/min），冷却水流量偏低，将回水管路放水有大量杂质，现水流量为6gal/min；另外将减压阀高压调高，发现压机高压无法保持，怀疑减压阀损坏导致压力过低，压机无法上升，备件物料号：SG50246(减压阀），SG50249（方向控制阀），之后更换，请知晓。,2/4,高压太低了，调高到140bar就好了,,机械,林旺腾,,,,,,,,,
2020/1/12,CV9,林旺腾,解垛机左侧手臂支架一直前进超时报警，检查发现气缸螺丝松，C班班内处理，请注意跟踪。,3/4,,,机械,林旺腾,,,,,,,,,
2020/1/12,ALL,谢诚侃,今日无要事,4/4,,,,,,,,,,,,,
2020/1/13,CV9,林旺腾,开始抓还未写入雪橇号的雪橇，目前为8，18号，请知晓。,3/4,,,程序,林旺腾,,,,,,,,,
2020/1/13,CV9,谢诚侃,8号雪橇已抓到,3/4,,,其他控制 ,谢诚侃,,,,,,,,,
2020/1/13,CV5,谢诚侃,80号右侧QCOS枪内部跳空开，拆开机器后上电完成,3/4,,,其他控制 ,谢诚侃,,,,,,,,,
2020/1/14,CV7,林旺腾,A2上料段小车夹紧气缸关闭信号一直没有，怀疑气缸损坏，目前程序内用小车位置bypass clamp1关闭信号，已要求DEMC更换气缸，请知晓。,3/4,,,机械,林旺腾,,,,,,,,,
2020/1/14,FO090,林旺腾,FO090靠近ASO的HMI柜子指示灯不亮，柜内没有接线（42q，43q，但43q程序内没有，建议使用6q），请知晓。,3/4,,,其他控制 ,林旺腾,,,,,,,,,
2020/1/14,E2LB_A2_DL,林旺腾,SL胎膜前进不到位，叶晓波选择LL自动切模时，LL前进与SL相撞，怀疑是MSG指令没有清除，已和宇方沟通过，之后没有out命令都清除MSG，请知晓。,3/4,SL伺服报警E23,,其他控制 ,林旺腾,,,,,,,,,
2020/1/14,E2UB070,谢诚侃,SHUTTEL线水平移动刹车接触器FC128更换JG251003,3/4,,,备件,谢诚侃,,,,,,,,,
2020/1/14,A2UB050,林旺腾,S040_Part1Pres 里的PPE01（检测SL）感应不好，线被拔掉，供应商会处理，请知晓。,3/4,,,其他控制 ,林旺腾,,,,,,,,,
2020/1/15,E2SB_HD&DL020,李颖琛,"20J1箱1734以太网模块故障，拔除最右侧OB模块后恢复（只接灯）。
生产结束后，将输出的线都断开，换了OB8仍不好，可能基座不好，CV7上有备件，晚上继续检修。",2/4,"已通知宇方停产日检修，基座和输出模块备件放在柜内
",,通讯,李颖琛,,,,,,,,,
2020/1/16,ALL,林旺腾,今日无要事,4/4,,,,,,,,,,,,,
2020/1/16,CV12,李颖琛,"LT01 1799m brake error，后将36i反馈线换了个NO点，未再发生。
40E和22E接触器现场在东昌20C024和20D015。",3/4,,,备件,李颖琛,,,,,,,,,
2020/1/16,E2SB_HD&DL020,李颖琛,检查发现是20J1箱这个1734的配置不对，可能是供应商装灯时，将基座带电安装，所以未报警。昨天其他故障时，人为将这个1734断电重启后自检未通过，请安排供应商停产时完成模块配置和灯的安装接线。,2/4,,,通讯,李颖琛,,,,,,,,,
2020/1/17,ALL,谢诚侃,今日无要事,4/4,,,,,,,,,,,,,
2020/1/17,CV11,李颖琛,"TC03刹车继电器动作慢，电机发烫，烧坏密封。
电机和继电器已更换。备件RM98894  是movimoto，接线盒不一样，变速箱齿轮也不一样。",3/4,,,备件,李颖琛,,,,,,,,,
2020/1/18,CV11,谢诚侃,"TC03,RB49坦克链中的动力电缆更换",3/4,,,备件,谢诚侃,,,,,,,,,
2020/1/18,FO090,谢诚侃,"FO110 HMI灯接线，从FO C2柜内接线过来。新增INTLOCK 1723Q,1729Q。FO 新增1723I,1729I",3/4,,,线路,谢诚侃,,,,,,,,,
2020/1/18,FO090,林旺腾,"FO090：新增测距仪于，位于FO090左后侧主导轨处，程序里面硬件组态更新网络站点
为SLOT 7 NODE 6，涉及程序修改如下图
",3/4,,,程序,林旺腾,程序修改记录,,,,,,,,
2020/1/18,FO140_150,林旺腾,1：FO140更换以太网卡，原ENBT更换为EN2T。,3/4,,,程序,林旺腾,程序修改记录,,,,,,,,
2020/1/18,E2SB_A2_HD_DL020,林旺腾,"
1、程序名E2HD021改为E2HD020
2、修改su_HD020J1的程序组态，新加Slot9 OB8 输出模块
3、E2HD025R1增加检测胶桶胶量传感器HD025R1_Barrel_Empty；例程S080_HD025R1Init，在HD025R1Init.AutoSetup条件内取反信号；程序E2HD025R1，例程B020_Process1_Dispense_G3v3第25行增加报警信息
4、E2HD025R2增加检测胶桶胶量传感器HD025R2_Barrel_Empty；例程S080_HD025R2Init，在HD025R2Init.AutoSetup条件内取反信号；程序E2HD025R2，例程B020_Process1_Dispense_G3v3第25行增加报警信息",3/4,,,程序,林旺腾,程序修改记录,,,,,,,,
2020/1/18,E2LB_A2_DL,林旺腾,"1、DL040增加例程S214_Part5Pres_Common和S184_DL045R06PreDrop
2、例程S214_Part5Pres_Common新加光电传感器PPE05，用于检测下料台有无零件
3、例程S184_DL045R06PreDrop为放件Seg30到达下料台正上方，物料和光电传感器均感应不到
4、例程S185_DL045R06Drop为放件到位Seg31，物料和光电传感器均感应到，抓手夹头不打开，车型识别传感器开始检测车型
5、例程S190_DL045R06PrtChkClr机器人抓手打开夹头离开工装，Seg32、Seg33",3/4,,,程序,林旺腾,程序修改记录,,,,,,,,
2020/1/18,A2SO010,林旺腾,1、程序A2SO020R2例程B020_Process1_SpotWeld_G3v3第14行，更改A2SO020R2修磨条件，条件A2SO020R1.Sts.AtHome改为A2SO020R1不在Seg30、31、32、33、29、34、35、35、37；条件A2SO020R5.Sts.AtHome改为A2SO020R5在Seg10、11、12、13,3/4,,,程序,林旺腾,程序修改记录,,,,,,,,
2020/1/18,A2SO010,林旺腾,1、程序A2SO020R4例程B020_Process1_SpotWeld_G3v3第14行，更改A2SO020R4修磨条件，条件A2SO020R1.Sts.AtHome改为A2SO020R1不在Seg30、31、32、33、29、34、35、35、37；条件A2SO020R5.Sts.AtHome改为A2SO020R5在Seg14、15、16、17,3/4,,,程序,林旺腾,程序修改记录,,,,,,,,
2020/1/18,RL170,林旺腾,滚床上升到高位后又下降了一点（没有停住），导致右前DUMP的销子与雪橇干涉，调整了上升到位传感器位置使得滚床上升至最高位停止，该工位无减速传感器，请注意跟踪。,3/4,,,机械,林旺腾,,,,,,,,,
2020/1/19,FI000,谢诚侃,"修改FI PPS计数方式。新增1343r,1349r,1340r,1355r；计数有变化；物流已反馈成功",3/4,,,程序,谢诚侃,,,,,,,,,
2020/1/19,FO090,谢诚侃,R10 导轨销ADV信号726i不稳定，18216m，18226m，1475m，18419m处BYPASS,2/4,新增1975m Bypass，现已取消bypass,,其他,谢诚侃,,,,,,,,,
2020/1/19,ALL,林旺腾,今日无要事,4/4,,,,,,,,,,,,,
2020/1/20,ALL,李颖琛,今日无要事,4/4,,,,,,,,,,,,,
2020/1/20,RL030,谢诚侃,WTC_Monitor_L2中数条行里的数值报错，引起PLC报错。现把此程序块WTC_Monitor_Station中断开；需要和ME联系下原因,2/4,,,程序,谢诚侃,,,,,,,,,
2020/1/21,ALL,李颖琛,"UR000，FI060，CV4,5，6的PLC电池已更换。",3/4,,,备件,李颖琛,,,,,,,,,
2020/1/21,CV9,李颖琛,RB400 RFID程序修改。,3/4,,,程序,李颖琛,,,,,,,,,
2020/1/21,FO090,李颖琛,90#滚床电机已更换。SG28921,3/4,,,备件,李颖琛,,,,,,,,,
2020/1/22,E2SB_RD060,李颖琛,"su_RD060M4柜（压机上面的柜子）内增加1734-IE2C模块，接了banner的M18T温度传感器。
反馈变量su_RD060M4_1734Modul_0:1:I.Ch0Data，停运时为5100左右。",3/4,,,程序,李颖琛,,,,,,,,,
2020/1/22,RL170,龚伟杰,光耀会在RL170加一个检测滚床上升到位的传感器和支架，给他找了模块点BK09ID14/15，目前还没调试，麻烦明天确认信号OK后加到上升到位进出车的条件里,2/4,,,程序,龚伟杰,,,,,,,,,
2020/1/23,BDC,谢诚侃,603操作台  HMI断电重启后恢复,3/4,,,其他,谢诚侃,,,,,,,,,
2020/1/23,RL170,谢诚侃,BK09.I.D04写入170进出车的CLEAR条件里,3/4,,,程序,谢诚侃,,,,,,,,,
2020/2/21,BDC,谢诚侃,604解垛机 600 K100安全继电器，吸合不佳。使得升降机变频器无使能。备件物料号RM98718，需要叫东昌调货至现场，更换继电器,2/4,,,备件,谢诚侃,,,,,,,,,
2020/2/21,E2SB_A2_HD_DL020,谢诚侃,网线布线完成,3/4,,,其他,谢诚侃,,,,,,,,,
2020/2/25,RL060,林旺腾,D1安全模块输出点常通，导致急停按钮灯常亮，现将变量D1.0.EStopLT更换为G1.O.Spare07。,3/4,,,其他,林旺腾,,,,,,,,,
2020/2/25,CV11,林旺腾,RB31上停了一个A2，等领导通知再放。,3/4,,,其他,林旺腾,,,,,,,,,
2020/2/25,FO160,林旺腾,更换右侧LS，换下来的放在控制办公室里，怀疑扫描头损坏。,3/4,,,备件,林旺腾,,,,,,,,,
2020/2/25,ALL,林旺腾,2月底程序备份已完成，请注意更新。,4/4,,,程序,林旺腾,,,,,,,,,
2020/2/25,E2SB_RD060,谢诚侃,压机叶片泵更换RM37119；连轴器SG92428；现在速度上升10S，下降6S,3/4,,,备件,谢诚侃,,,,,,,,,
2020/2/26,CV7,李颖琛,13#小车，E27急停报警，怀疑线不好，已通知C班修理放出。,3/4,,,其他,李颖琛,,,,,,,,,
2020/2/26,FI060,李颖琛,SHR2的电排被螺丝卡住，刹车松不掉，现恢复。,3/4,,,其他,李颖琛,,,,,,,,,
2020/2/26,BDC,谢诚侃,604解垛机 600 K100安全继电器更换，复位正常 RM98718,3/4,,,备件,谢诚侃,,,,,,,,,
2020/2/27,ALL,李颖琛,今日无要事,4/4,,,,,,,,,,,,,
2020/2/28,ALL,林旺腾,今日无要事,4/4,,,,,,,,,,,,,
2020/3/8,ALL,李颖琛,HMI节能已修改。,3/4,,,其他,李颖琛,,,,,,,,,
2020/3/8,FO140,李颖琛,L1送丝机增加了水流量传感器，变量Fronius_Water_Flow_is_Low，流量不到不能上自动,3/4,,,程序,李颖琛,,,,,,,,,
2020/3/8,RD060,李颖琛,油箱温度传感器已启用，设置超过6000跳模式，变量Oil_Temp_is_high,3/4,,,程序,李颖琛,,,,,,,,,
2020/3/10,E2UB010,林旺腾,更换LS，换下的放在办公室,3/4,,,备件,林旺腾,,,,,,,,,
2020/3/11,E2MC,林旺腾,60工位没有完成Pallet逃出，怀疑可能是程序信号错乱，download程序需先上线upload，请知晓。,3/4,,,程序,林旺腾,,,,,,,,,
2020/3/12,A2SILH,林旺腾,转台与硬限位相撞，是因为维修手动jogfwd导致转台转了360度，现将jog命令断开，请知晓。,3/4,,,其他,林旺腾,,,,,,,,,
2020/3/12,A2MC&A2UB,林旺腾,开班车型传递都有问题，昨天生产SL今天生产LL，怀疑程序内车型变量错乱，后续无问题，请继续跟踪。,3/4,,,程序,林旺腾,,,,,,,,,
2020/3/11,A2SI,李颖琛,转台超程限位已恢复，但该限位的仅作检测，实际并未启限制作用，软件超程限位也均未启用，需要系统修改。,2/4,,,程序,李颖琛,,,,,,,,,
2020/3/12,CV11,林旺腾,CV6 RB06 不往CV11的RB01进车，发现是HMI上400G（不让CV6往CV11进车）被人按了，现在程序中强制off，请知晓。,3/4,,,程序,林旺腾,,,,,,,,,
2020/3/12,RL130,林旺腾,"R1如果没有保护气，焊接30辆车后会报警，变量为R1_ProtectedAir_Low_Alarm,请知晓。",3/4,,,程序,林旺腾,,,,,,,,,
2020/3/13,ALL,林旺腾,今日无要事,4/4,,,,,,,,,,,,,
2020/3/14,A2SO015,李颖琛,15TT和30TT的jog已TBD，超程程序已修改。,3/4,,,程序,李颖琛,,,,,,,,,
2020/3/14,A2SO010,李颖琛,10TT和20TT的jog已TBD，超程程序已修改。,3/4,,,程序,李颖琛,,,,,,,,,
2020/3/14,A2SO005,李颖琛,005TT的jog已TBD，超程程序已修改。,3/4,,,程序,李颖琛,,,,,,,,,
2020/3/14,A2SILH010,李颖琛,10TT和20TT的jog已TBD，超程程序已修改。,3/4,,,程序,李颖琛,,,,,,,,,
2020/3/14,A2SIRH010,李颖琛,10TT和20TT的jog已TBD，超程程序已修改。,3/4,,,程序,李颖琛,,,,,,,,,
2020/3/14,A2MC010,李颖琛,10TT的jog已TBD，超程程序已修改。,3/4,,,程序,李颖琛,,,,,,,,,
2020/3/14,A2MC021,李颖琛,21TT的jog已TBD，超程程序已修改。,3/4,,,程序,李颖琛,,,,,,,,,
2020/3/14,FO040_050,李颖琛,Slot06 node60 的spanner有过一次通讯故障，过会自己就好了，现场检查未发现异样。,2/4,,,通讯,李颖琛,,,,,,,,,
2020/3/14,E2SB_FD010,谢诚侃,"10,20,30TT的JOG断开，超程程序修改",3/4,,,程序,谢诚侃,,,,,,,,,
2020/3/14,E2SB_RD010,谢诚侃,"10,20,30TT的JOG断开，超程程序修改",3/4,,,程序,谢诚侃,,,,,,,,,
2020/3/15,E2SILH010,李颖琛,20TT和60TT的jog已TBD，超程程序已修改。,3/4,,,程序,李颖琛,,,,,,,,,
2020/3/15,E2SOLH010,李颖琛,10TT和30TT的jog已TBD，超程程序已修改。,3/4,,,程序,李颖琛,,,,,,,,,
2020/3/15,E2SORH010,李颖琛,10TT和30TT的jog已TBD，超程程序已修改。,3/4,,,程序,李颖琛,,,,,,,,,
2020/3/15,E2LB_A2_DL,谢诚侃,010TT和015TTJOG已TBD，超程序修改,3/4,,,程序,谢诚侃,,,,,,,,,
2020/3/15,E2SB_A2_HD_DL010,谢诚侃,E2DO011TT A2HD010TT JOG已TBD，超程程序已修改,3/4,,,程序,谢诚侃,,,,,,,,,
2020/3/15,A10_A2_DL,谢诚侃,JOG指令断开，未见相关超程程序与传感器,3/4,,,程序,谢诚侃,,,,,,,,,
2020/3/15,E2LB_HD010,谢诚侃,"010TT JOG TBD,超程限位用置位指令",3/4,,,程序,谢诚侃,,,,,,,,,
2020/3/16,RL140_170,李颖琛,RL140右侧RUNBAR内的两片1号接线排的连接铁片松，现已修复。,3/4,,,线路,李颖琛,,,,,,,,,
2020/3/16,A2SO010,李颖琛,SL时如果R3未启动时R1或R2在第一步焊接时有修磨请求，R3就无法启动。现修改启动条件。,3/4,,,程序,李颖琛,,,,,,,,,
2020/3/16,E2MC021,李颖琛,21TTjog已TBD，超程程序已修改。但未发现有转台到位传感器。,3/4,,,程序,李颖琛,,,,,,,,,
2020/3/16,A2HD010,李颖琛,T2时R1有闪一下Hold，原因还未跟踪到，明日继续。,2/4,,,其他,李颖琛,,,,,,,,,
2020/3/16,E2SB_A2_HD_DL020,林旺腾,"E2HD050吸盘抖动延时1s，延时变量lin_20200316，lin_20200316_2，lin_20200316_3,请知晓",3/4,,,程序,林旺腾,,,,,,,,,
2020/3/17,A2HD010,李颖琛,T2时R1有闪一下Hold，加了0.5s延时OFF，timer14,3/4,,,程序,李颖琛,,,,,,,,,
2020/3/17,EDL,李颖琛,"45R6在做SL时，将料放到60号工装离开LC后，员工进入LS会有HOLD。
现在DL040->S190_DL045R06PrtChkClr-》rung7加了R6  DO200=on，用来旁路LS。",3/4,,,程序,李颖琛,,,,,,,,,
2020/3/17,A2DL010,李颖琛,T3（SL）完成后不会自动转出，现已修改。,3/4,,,程序,李颖琛,,,,,,,,,
2020/3/17,CV14,李颖琛,SW71的60队列会不停增加，导致小车堵住，现已修改程序。,3/4,,,程序,李颖琛,,,,,,,,,
2020/3/17,FO130,李颖琛,阀岛基座掉落，电源线压坏，已安排维修更换，并全车间主线工位检查。,3/4,,,其他,李颖琛,,,,,,,,,
2020/3/18,E2SO010L,谢诚侃,010转台发生不到位，超程条件触发，现已修改，取消不到的条件。同理修改030的条件,3/4,,,程序,谢诚侃,,,,,,,,,
2020/3/18,E2SO010R,谢诚侃,010转台发生不到位，超程条件触发，现已修改，取消不到的条件。同理修改030的条件,3/4,,,程序,谢诚侃,,,,,,,,,
2020/3/18,FO130,谢诚侃,据反应开班第一辆车发生自动模式下，拍摄失败，车子自己完成。程序中未发现异常。先把第三次拍摄焊接时故障的TRY OUT模式断开，请继续跟踪,3/4,,,程序,谢诚侃,,,,,,,,,
2020/3/18,CV5,林旺腾,LED屏新程序已下载,3/4,,,其他,林旺腾,,,,,,,,,
2020/3/19,CV14,谢诚侃,SW7 LL和SL导轨切换阀损坏，已更换 RM02855,3/4,,,备件,谢诚侃,,,,,,,,,
2020/3/20,ALL,谢诚侃,今日无要事,4/4,,,,,,,,,,,,,
2020/3/21,FI000,谢诚侃,030驱动皮带断裂，已更换,3/4,,,备件,谢诚侃,,,,,,,,,
2020/3/21,CV9,李颖琛,TT100驱动轮脱胶已更换SG14283，（现场还有一个）。现电机固定螺丝有个断的，生产结束后会更换高强度螺丝。,3/4,,,备件,李颖琛,,,,,,,,,
2020/3/22,CV11,林旺腾,生产计划每轮放5辆A2，结果每轮只放一辆，因为HMI上“Manu Rate”（368G）没有按上，导致最大值被设为1，已和生产说明情况，请知晓。,3/4,,,程序,林旺腾,,,,,,,,,
2020/3/22,CV9,林旺腾,TT100电机固定螺丝断在里面，电机物料号SG22415（在中心，需自取），替代电机SG22420（轴较细，不知道涨紧套可否适用），明天确定维修方案。,3/4,检查发现转台回退到load位时与挡块碰撞较多，现将挡块位置调整,,备件,林旺腾,,,,,,,,,
2020/3/22,E2SO010L,林旺腾,GS连做时，将Autotest20170916.0置上即可，请知晓。,3/4,,,程序,林旺腾,,,,,,,,,
2020/3/22,FO090,李颖琛,"切换SL是，SHL2快到work位置时与90底板Dump213干涉，传感器支架断，已修复。
现修改程序222m（Request A2SL Gateworking）on时，要底板Dump都切换好（790m=on），
SHL2和SHR2才往Work位置开。切换位789m",3/4,支架上626i（SB用的）在LB时常亮，需要精调。,,程序,李颖琛,,,,,,,,,
2020/3/23,CV14,陈佳文,16#段，停止位有凹陷导致小车扭矩不足无法启动，调整停止位后新旧小车感应器无法点亮，现FORCE on   136i,3/4,,,程序,陈佳文,,,,,,,,,
2020/3/23,FO170,陈佳文,调整变频器减速斜率（F08） 1.5s--》2.1s 用以减缓因闯光栅而突然停止对皮带的冲击,3/4,,,其他,陈佳文,,,,,,,,,
2020/3/23,CV3,陈佳文,发生过3次RB04 PVI和barcode不匹配，重新写入PVI后可自动放车。生产结束后RFID已断过电。,3/4,后续记录雪橇号：134#,,其他,陈佳文,,,,,,,,,
2020/3/23,ALL,李颖琛,今日无要事,4/4,,,,,,,,,,,,,
2020/3/24,ALL,林旺腾,今日无要事,4/4,,,,,,,,,,,,,
2020/3/24,E2UB010,谢诚侃,由于90车型的后围板已经断点无料，只有96车型的后围板，但前围还有90车型，之后也会有90，96车型混搭一段时间，现在把1-4号库位拍摄96车型成为90，5号库位不变，当有96车型时，就去抓5号库位，切换位XCK20200324,3/4,,,程序,谢诚侃,,,,,,,,,
2020/3/25,E2SO,林旺腾,生产误闯光栅导致转台没到位且报警超程，原因是：E2SO转台用编码值高低位进行判断是否超程，会出现低位数值正负跳变的情况，现改用实际编码值进行判断，请知晓。,3/4,,,程序,林旺腾,,,,,,,,,
2020/3/25,CV8,谢诚侃,E2SB 21MODE 96车型变成90车型，程序修改，切换变量XCK20200325,3/4,,,程序,谢诚侃,,,,,,,,,
2020/3/25,E2MC005,谢诚侃,E2SB 21MODE 96车型变成90车型，程序修改，切换变量XCK20200325,3/4,,,程序,谢诚侃,,,,,,,,,
2020/3/25,E2UB010,谢诚侃,E2SB 21MODE 96车型变成90车型，程序修改，切换变量XCK20200325,3/4,,,程序,谢诚侃,,,,,,,,,
2020/3/25,E2HD010,谢诚侃,E2HD010 R2 SEG63时转台不能旋转,3/4,,,程序,谢诚侃,,,,,,,,,
2020/3/26,CV9,陈佳文,TT100驱动轮脱胶已更换SG14283,3/4,,,其他,陈佳文,,,,,,,,,
2020/3/26,E2MC021,陈佳文,MC021 SB切换21MOD     ( E2SBMOD21_togglebit)变量常置1 ,3/4,,,程序,陈佳文,,,,,,,,,
2020/3/26,E2MC021,陈佳文,C001_InterLockToMC->>SpannerForNextCell.O.SkidToNext.Spare26 和SpannerForNextCell.O.SkidToNext.Spare27两个变量车型条件全都改成90到98,3/4,,,程序,陈佳文,,,,,,,,,
2020/3/26,ALL,谢诚侃,今日无要事,4/4,,,,,,,,,,,,,
2020/3/27,E2MC021,陈佳文,"T4转台，抓手抓料后转台PIN2卡销，现改成pin2开到位后再开PIN1
S161_RetPinShift1_PM1V1_STEP3",3/4,,,程序,陈佳文,,,,,,,,,
2020/3/27,CV8,谢诚侃,RB140 PX3传感器有常量现象，MOVIEFIT断电后恢复，传感器应该没有什么问题,3/4,,,其他,谢诚侃,,,,,,,,,
2020/3/28,E2MC021,陈佳文,生产反应21mod切换LB时，提示灯不闪。因现在只做21mod所以删除21MOD提示灯程序（21MOD和SB车型一样）,3/4,,,其他,陈佳文,,,,,,,,,
2020/3/28,E2SOL,林旺腾,CV2空导致E2SO80L PALLET无法下降（队列不匹配），生产左右各下线了两个，重新调整过队列，请继续跟踪。,3/4,,,程序,林旺腾,,,,,,,,,
2020/3/29,BDC,陈佳文,106升降机发生3次进车后不升的故障，调整紧固进车处GAP感应器,3/4,,,其他,陈佳文,,,,,,,,,
2020/3/29,E2RD010,林旺腾,R1 R2分别在转台转动前后进行修磨，原因是R1修磨时转台转动位置丢失，所以R2只能等转台转到位后才可修磨，现将两台机器人的修磨请求信号加入转台转动条件内（LIN_R1TIPMAINT和LIN_R2TIPMAINT），请知晓。,3/4,,,程序,林旺腾,,,,,,,,,
2020/3/30,CV7,谢诚侃,EMS2控制柜241空开跳闸，A2返回道小车满，可能过载引起。断开数辆小车后空开可合闸。现把接触器过载电流略微调大,3/4,,,线路,谢诚侃,,,,,,,,,
2020/3/30,FO090,尹伟文,A2SL的左右Gate上，要求Dump3先关闭，然后Dump2再关闭，打开没有要求。程序中，左侧gate上，在M29510中（C30 ADV)串入M29525(C50 Interlock)，右侧gate上，在M29710(C40 ADV)中串入M29725(C60 Interlock)。 ,2/4,,,程序,尹伟文,,,,,,,,,
2020/3/30,FO090,龚伟杰,"应JOINT组要求，修改FO090 R4 TO REPAIR时调用的STYLE。原程序是31，现在修改为32。FO090-->R11_R4-->RUNG 28-->M30625,请注意跟踪状态。",3/4,,,程序,龚伟杰,程序修改记录,,,,,,,,
2020/3/30,E2RD030,林旺腾,做单边门时，R1 R3分别在转台转动前后进行修磨，现将两台机器人的修磨请求信号加入转台转动条件内（lin_30R1TipMaint和lin_30R3TipMaint），请知晓。,3/4,,,程序,林旺腾,,,,,,,,,
2020/3/30,FI030,林旺腾,SL横梁拍照大部分不通过，班内调试无果后人工HMI Bypass，中班结束后连上相机发现无法连接（报错：传感器配置未打开，可能之前没有正常退出？断电后依然无法连接），早班请跟踪下相机状态。,2/4,,,其他,林旺腾,,,,,,,,,
2020/3/31,FI030,谢诚侃,91i SFI030 IFM Camera2  Input Bit 4信号无，应该相机死机，控制柜内断电重启后恢复,3/4,,,其他,谢诚侃,,,,,,,,,
2020/3/31,BDC,谢诚侃,SL401升降台自动条件下，保持低位；当310滚床有雪橇时，自动再上升,3/4,,,程序,谢诚侃,,,,,,,,,
2020/4/1,E2MC005,尹伟文,005工位的防撞杆左侧计划安装检测SB 21MY的传感器，目前支架已安装，但未调整调整好，传感器未安装，输入点已确认 BK03.I.D14。新建Control Tag: PPX20_E2SB_21MY。检测程序未做。程序中应在夹头都关闭时检测这个信号。,2/4,,,程序,尹伟文,,,,,,,,,
2020/4/1,其他,谢诚侃,"UR,A2UB暗灯板修理",3/4,,,其他,谢诚侃,,,,,,,,,
2020/4/2,E2MC005,尹伟文,005工位的防撞杆左侧已安装检测SB 21MY的传感器，输入点已确认 BK03.I.D14，对应Control Tag: PPX20_E2SB_21MY。程序已完成，滑台进入后传递状态信息：Control Tag-> E2SB_21MY_SENSOR_JG02。在机器人MC010R1抓件Initial时检测是否与SB 21MY车型（96/97）匹配。HMI报警未做。,3/4,,,程序,尹伟文,,,,,,,,,
2020/4/2,E2SO030L,陈佳文,生产周君要求GS5辆的限制关闭，待通知开启。,3/4,,,其他,陈佳文,,,,,,,,,
2020/4/2,A2UB050,陈佳文,"L2换好电极帽后，走style27在seg6时等DI56，根据流程图A2SL时是Dcode2，但程序里是TBD，且需要seg34.
时序图与实际情况都对不上。",2/4,,,程序,陈佳文,,,,,,,,,
2020/4/2,A2MC010,陈佳文,发生3次T2转台焊完后R2无法启动的故障，疑似时序问题（焊完后AUTOSETPUP条件不满足）。在r2(MC010R2Init.AutoSetup) 中并联完成后也能启动的条件，需继续跟踪,3/4,,,程序,陈佳文,,,,,,,,,
2020/4/2,FO 000,陈佳文,"在CIMPLICITY中显示FO 010 060的BARCODE,修改FO 000程序",3/4,,,程序,陈佳文,,,,,,,,,
2020/4/2,UR000,陈佳文,"在CIMPLICITY中显示UR的BARCODE,修改UR000程序",3/4,,,程序,陈佳文,,,,,,,,,
2020/4/3,CV9,林旺腾,"1.E2UB 升降机在停止时有抖动现象，现将高速由50--》45，低速由10--》6，停止转速（P310）由45--》30，减速斜坡（P131）由2--》2.5，抖动现象有所改善，齿轮链条有磨损松动，之后更换链条后再跟踪下状态；
2.伸缩叉减速斜坡（P131）由1--》2，程序里高速由35--》30，TF070.Arms.VFD.Ramp1由1500--》1800",2/4,升降机刚结构未和二层平台联结,,机械,林旺腾,,,,,,,,,
2020/4/3,ALL,林旺腾,3月底程序备份已完成，请注意更新。,4/4,,,程序,林旺腾,,,,,,,,,
2020/4/3,E2MC10,陈佳文,导轨挡板螺栓断，挡板掉落撞坏PALLET侧BALLUFF模块。东昌无货，需中心调货（应急备件箱内还有一个）,2/4,,,其他,陈佳文,,,,,,,,,
2020/4/3,CV5,陈佳文,150APC下层拖板放满时，此时再按RUNBAR放空板，会造成链条卡死。现在下料口气缸打开使能（6580m）中加入下层检测条件（6520m，6521m）,3/4,,,程序,陈佳文,,,,,,,,,
2020/4/3,CV9,陈佳文,"1.E2UB升降机高速恢复50
2.TF070高速恢复35，空载移动速度增加到40",3/4,,,程序,陈佳文,,,,,,,,,
2020/4/3,FO150,陈佳文,Cim显示150的barcode，修改程序JFM150―》J010_JobdataBarcode最后加了两行程序。变量Extracted_Barcode_Data,3/4,,,程序,陈佳文,,,,,,,,,
2020/4/6,E2MC005,林旺腾,"E2MC010DG1新增E2SB_21MY_SENSOR_JG02检测错误HMI报警，报警号[2239],apa和mer文件备份放在E:\05_程序备份\1_AB程序备份\AB_HMI\E2MC OK内，请知晓。",3/4,,,程序,林旺腾,,,,,,,,,
2020/4/6,CV9,林旺腾,升降机立柱与二层平台用四根钢管焊接固定，升降机和横移叉来回开动验证无干涉，开班请注意。,3/4,,,机械,林旺腾,,,,,,,,,
2020/4/6,E2MC10,林旺腾,PALLET侧BALLUFF模块（SG23381 ） CV7备件区有5个，请知晓。,3/4,,,备件,林旺腾,,,,,,,,,
2020/4/6,CV9,谢诚侃,电机链条更换,3/4,,,备件,谢诚侃,,,,,,,,,
2020/4/7,FI030,陈佳文,A2SL 横梁拍照报警多（1692M）调整相机识别通过率(80->>75),3/4,,,其他,陈佳文,,,,,,,,,
2020/4/7,CV9,陈佳文,LT70升降备用电机异响，预计5月更换物料号：SG22417（在中心）,3/4,,,备件,陈佳文,,,,,,,,,
2020/4/7,CV5,陈佳文,185#HMI4 SL队列多出一个，问题研究中,2/4,,,程序,陈佳文,,,,,,,,,
2020/4/7,ALL,谢诚侃,今日无要事,4/4,,,,,,,,,,,,,
2020/4/8,A2RF,陈佳文,CELLSWITH 13#点 通讯故障，第一次故障是172（pm2），分别断PM1(上级)和PM2后恢复，第二次故障是整段13#都报警，SWITCH上13#插拔后恢复  晚上需检查线缆接头,2/4,,,其他,陈佳文,,,,,,,,,
2020/4/8,CV5,谢诚侃,RB01 RFID读头死机，断电后恢复,3/4,,,其他,谢诚侃,,,,,,,,,
2020/4/8,CV5,尹伟文,CV5的最新程序请更新：CV5_20200408。之前的程序中的HMI界面为老程序，没有在供应商交接的程序上更新。要求以后供应商交接的GE的程序备份，要第一时间导入一号机的ME软件中，以免信息丢失。,4/4,,,程序,尹伟文,,,,,,,,,
2020/4/9,CV5,陈佳文,CV5RB01新增barcode backup RFID功能（12202M），在cimcity上已做好变量，功能性还未测试,3/4,,,程序,陈佳文,,,,,,,,,
2020/4/9,CV12,陈佳文,CV12今天B班看到时TT02转出一点点时，RB04冲出撞上TT02的现象。程序为发现明显异常，继续跟踪,2/4,,,程序,陈佳文,,,,,,,,,
2020/4/9,CV5,谢诚侃,12202m设置条件，当RB01有雪橇，且RFID REDA ERR后自动置位，且工位的报警灯会亮起92Q。请跟踪,3/4,,,程序,谢诚侃,,,,,,,,,
2020/4/9,E2LB_A2_DL,谢诚侃,DL040 切换A2SL车型时，有DL001Diechg-->M001_Modes-->OTE(DieChange.Mode.On) 没有OFF，应该是XIO(DieChange.Status.CompleteA2SL) 条件没有成立。请继续跟踪,2/4,,,程序,谢诚侃,,,,,,,,,
2020/4/10,CV9,陈佳文,"85#65#35#三个雪橇需下线报废,35#已下线，另外两个cimpilicity上已设好，需跟踪。另外下线的雪橇需要让班组把TAG拆下来",3/4,,,其他,陈佳文,,,,,,,,,
2020/4/10,CV5,林旺腾,HMI4 上4#的变量718G所关联变量应为4146R（之前是4145R，所以当是63车型时会多一个），请知晓。,3/4,,,程序,林旺腾,,,,,,,,,
2020/4/10,CV5,林旺腾,CIM显示MF185队列和APC上队列，请知晓。,3/4,,,其他,林旺腾,,,,,,,,,
2020/4/10,E2MC,林旺腾,E2MC020 LB车型设成SB导致30R1提前启动抓APC料，目前下线等周六中班结束后上线，请知晓。,3/4,,,程序,林旺腾,,,,,,,,,
2020/4/11,CV5,陈佳文,CV5程序block名称vision1~6 改为VISION +车型的命名方式,3/4,,,程序,陈佳文,,,,,,,,,
2020/4/11,CV5,陈佳文,今天开班发现cimpcity上APC队列还是多了一个63车型，人为删除后并跟踪，未发现异常。请知晓,3/4,,,其他,陈佳文,,,,,,,,,
2020/4/11,A2SO,陈佳文,今日发生A2SL APC8#拖板有掉落发生,2/4,,,其他,陈佳文,,,,,,,,,
2020/4/11,CV9,陈佳文,85#65#雪橇已下线，拆下的TAG放在办公室备件柜子里,3/4,,,其他,陈佳文,,,,,,,,,
2020/4/11,A2MC021,林旺腾,MC021T03-->S280_MC021R2Weld3Clr-->Clamp5Close.Comp条件不需要，现将其bypass，请知晓。,3/4,,,程序,林旺腾,,,,,,,,,
2020/4/11,A2RF,林旺腾,以太网通讯故障，重启CellSwitch后恢复。,3/4,复线时检查电源,,通讯,林旺腾,,,,,,,,,
2020/4/11,A2SO020,林旺腾,将R5抓料队列的清除条件由SEG[1]改为SEG[30]，防止手动开回HOME后队列混乱，切换位lin_20200410，请知晓。,3/4,,,程序,林旺腾,,,,,,,,,
2020/4/12,FO140,谢诚侃,R1机器人组安装水流量开关，FO140里的BK02.I.D06。OTL(Fronius_Water_Flow_is_Low) ,3/4,,,程序,谢诚侃,,,,,,,,,
2020/4/12,FI030,谢诚侃,A2SL横梁IFM视觉传感器检查。略微降低通过率。,3/4,,,程序,谢诚侃,,,,,,,,,
2020/4/12,CV5,尹伟文,"CV5的APC下料处的HMI已拆除，另作他用。APC队列看不到了，如需要可以在CIMPLICITY界面上做一下（不久以后APC要拆除，因此不再增加HMI了）。但是队列的第一个的车型有一个车型指示灯，提供SL和LL 6种配置的显示，下料处的操作人员可以通过指示灯与LED显示板的车型进行比较。
原HMI上急停的复位按钮先移到VFD柜门上，下料端的RUNBAR上的绿灯亮表示AUTO模式，绿灯闪亮表示MANU模式，黄灯闪表示闯光栅或区扫。 HMI通讯状态已屏蔽。",3/4,,,程序/硬件,尹伟文,,,,,,,,,
2020/4/12,A2UB050,尹伟文,成途补充A2UB050 L2的SL车型的修磨换帽功能，seg38~41，已验证过，生产时注意跟踪状态。A2UB040_20200412.ACD。具体修改内容参见交接附件“UB050L2修磨换帽_A2SL.pptx”。,3/4,,,程序,尹伟文,,,,,,,,,
2020/4/12,CV6,谢诚侃,RB01 E2LB后盖拍摄检查，需要灯光房及上面的小太阳灯全开才能正确判断通过,3/4,,,其他,谢诚侃,,,,,,,,,
2020/4/12,A2RF,谢诚侃,交换机15口到第一个模块的通讯线更换,3/4,,,通讯,谢诚侃,,,,,,,,,
2020/4/12,A2RF,林旺腾,交换机碎片计数为0；检查发现交换机下接第一个模块BK01有一路电源到真空阀，怀疑在滚边时真空阀负载大导致模块电压低，现将原BK01上的电源线移至BK03上，如下次通讯故障BK01通讯正常则验证是电压问题，请知晓。,2/4,,,通讯,林旺腾,,,,,,,,,
2020/4/12,A2SO015,林旺腾,"供应商修改程序：
1.增加机器人车型车型与下料小车车型对比对比
2.说明：增加机器人抓件下料台的干涉",4/4,,,程序,林旺腾,,,,,,,,,
2020/4/13,CV5,谢诚侃,185 SL后盖工装HMI与VESA MAX模块通讯不稳定。工装现场模块无终端电阻，添加后通讯稳定SG73468,3/4,,,通讯,谢诚侃,,,,,,,,,
2020/4/13,CV5,谢诚侃,130LH ATLAS通讯无，发现170号上方控制柜内通讯线头不佳，重新制作后，通讯恢复,3/4,,,通讯,谢诚侃,,,,,,,,,
2020/4/13,E2SO060R,谢诚侃,下层Y型传感器撞坏更换，仓库已无货Jg250919；急救箱里还有两个私货,3/4,,,备件,谢诚侃,,,,,,,,,
2020/4/13,A2SO015,谢诚侃,修改35号工位Part1--Part4的注释；A2SO035--〉S023_A2SO030R4NoPrtChkClr_OnLine--〉OTE(A2SO030R4NoPrtChkClr.Clear) 16行下线工装条件修改,3/4,,,程序,谢诚侃,,,,,,,,,
2020/4/13,E2LB_A2_DL,林旺腾,在做SL时，clamp3没有打开，是DieChange.OnSelecty一直为on，加入切换位lin_20200414，中班跟踪正常，请早班继续跟踪。,2/4,,,程序,林旺腾,,,,,,,,,
2020/4/13,E2MC10,林旺腾,10，20，30PALLET相撞，此时30工艺还没完成，20工艺完成，程序看下来10出车需要20三个传感器都不亮，没有看出什么问题，麻烦早班继续跟踪下。,2/4,,,其他,林旺腾,,,,,,,,,
2020/4/13,RL130,林旺腾,应葛逸飞要求：RL130L1_TMC_Warn报警值由860--〉880,3/4,,,程序,林旺腾,,,,,,,,,
2020/4/14,E2MC005,尹伟文,"E2SB 21MODE 新增加一个GS配置，条形码第十位是3，车型定为97。现已修改程序。MC005JG01-->B012_Barcode_Trigger_Timer-->RUNG 10。
条形码定义文件已更新，详见交接。",4/4,,,程序,尹伟文,,,,,,,,,
2020/4/14,E2MC/E2SO,陈佳文,东昌调来2个PALLET传感器SG42013 可替代原PALLET传感器 JG250919。请知晓,4/4,,,其他,陈佳文,,,,,,,,,
2020/4/14,E2MC010,陈佳文,10#~30#联动关闭，请知晓。M001_Modes-->OTU(Pallet_SyncMode_Enable) ,3/4,,,程序,陈佳文,,,,,,,,,
2020/4/14,ALL,林旺腾, 下班前需修改设备利用率，每小时产量<40需修改，请知晓。,3/4,,,其他,林旺腾,,,,,,,,,
2020/4/13,E2LB_A2_DL,林旺腾,又发生一次在做SL时工装没法打开，DieChange.OnSelecty一直为on，怀疑DieChange.Condition.DieMatchOk信号抖动，具体怀疑A2SLDieChgServo.A.AdvEnd抖动，做了监控计数lin_20200415_2，请继续跟踪。,2/4,,,程序,林旺腾,,,,,,,,,
2020/4/14,E2MC010,林旺腾,生产反应CT超时，10#~30#联动打开，请知晓。M001_Modes-->OTU(Pallet_SyncMode_Enable) ,3/4,,,程序,林旺腾,,,,,,,,,
2020/4/15,E2MC010,陈佳文,在20#“palletout.clear”条件里增加XIO (anticollision_mc30up_activated) 条件防止追尾，此变量用30#“XIC(PalletIn.Mem)”延时10秒来置位，用30#“XIC(PalletIn.Comp) ”延时1秒复位,3/4,,,程序,陈佳文,,,,,,,,,
2020/4/15,E2UB60,陈佳文,C1柜内40A电源模块烧坏、跳闸。更换电源后恢复。疑似之前空调水因出水管堵塞进入过柜内。（换后钳形表测得电流三相0.35A左右）物料号SG78982。库位还有一个，中心又调来一个,3/4,,,其他,陈佳文,,,,,,,,,
2020/4/15,A2SO10,陈佳文,10#R3抓手通信故障后，从转台work位搬下一侧围，然后手动走完程序，导致20R1启动的队列出错。此队列是R1走完SEG50后传出一个。之后会要求供应商改成又R3抓料后发出。,2/4,,,其他,陈佳文,,,,,,,,,
2020/4/15,A2UB10,陈佳文,10R1 TAKE IN拍照后会等seg70 此时程序同时导通D-CODE 5和D-CODE 7。在D-CODE 5 中加入限制条件S020_UB010R1Drop--》OTE(UB010R1Drop.Auto) --》XIO(OnLine_Req) ,3/4,,,程序,陈佳文,,,,,,,,,
2020/4/15,A2SO015,谢诚侃,030转台T3下模块通讯故障，SO015 1号交互机14号口下网络中断，网线重新插拔后，下属通讯网络恢复,3/4,,,通讯,谢诚侃,,,,,,,,,
2020/4/15,CV6,谢诚侃,RB01 LB后盖拍摄故障，表调灯光房及A2MC控制表调上方的小太阳灯一个都不能关闭,3/4,,,其他,谢诚侃,,,,,,,,,
2020/4/15,CV5,尹伟文,表调A2SL后盖工装将要搬迁至线旁，修改程序，增加部分相关内容。CV5_20200415,3/4,,,程序,尹伟文,,,,,,,,,
2020/4/16,E2SO080L,林旺腾,80工位进车不到位，发现是PX1，PE2，PE3常亮，但PE4没亮，怀疑Armorstart损坏或信号线和以太网线故障，插拔Armorstart上以太网线和信号线后故障消除，Armorstart备件和以太网线放在工位安全门旁，请知晓。,2/4,,,其他,林旺腾,,,,,,,,,
2020/4/16,CV3,林旺腾,RB17 in传感器I678常量导致出车时是低速，雪橇卡在RB17和RB18中间，请知晓。,3/4,,,其他,林旺腾,,,,,,,,,
2020/4/16,E2SO080L,谢诚侃,发生Pallet停止位不到一点点距离停下，只有XIC(PalletIn.Mem) 丢失。看见停止传感器误触发过，生产结束后发现停止传感器PE3上都是水，70号某台机器人水管漏，修复，请跟踪；,3/4,,,备件,谢诚侃,,,,,,,,,
2020/4/16,CV6,谢诚侃,RB303A雪橇不前进，手动操作空放了一个空雪橇去油漆，引起了停机，其他无异常,3/4,,,其他,谢诚侃,,,,,,,,,
2020/4/17,E2MC040,陈佳文,mc30增加防追尾40#变量，Interlock：XIC(NextToMC030Upr.Spare18) 切换位MC30-->B100_PRBInterlock--》CJW20200417,3/4,,,程序,陈佳文,,,,,,,,,
2020/4/17,A2SO15,陈佳文,15#转台有过通讯故障，到现场是已恢复。请知晓,2/4,,,硬件,陈佳文,,,,,,,,,
2020/4/17,BDC,陈佳文,604解垛机有多次间隙报警，已调整进车出grab光电传感器，请知晓。,3/4,,,其他,陈佳文,,,,,,,,,
2020/4/17,E2RD,陈佳文,后门压机有一个压块螺丝断掉，维修已更换。,3/4,,,硬件,陈佳文,,,,,,,,,
2020/4/17,A2DL010,谢诚侃,CELLSWITCH 1 13号口下T2，T4转台通讯不稳定，更换总的进线后恢复,3/4,,,通讯,谢诚侃,,,,,,,,,
2020/4/17,A2MC010,谢诚侃,T4转台切换A2LL车型不能自动切换，原因是生产做空线件，没有安照原本的次序，需要HMI上清信号。需要改进,2/4,,,程序,谢诚侃,,,,,,,,,
2020/4/18,E2MC021,林旺腾,"上下线程序修改：
1.MC025L-->S060_MC024R4PrtChkClr 新增机器人024R4 style 19-22匹配;
2.将用于感应LB的part2中PPX2信号取XIC;
还未验证，下次上下线需注意跟踪。",2/4,,,程序,林旺腾,,,,,,,,,
2020/4/18,A2MC010,林旺腾,"1.自动比例设定时，只能先做LL再做SL，如果需要切换SL车型，则需将LL数量设定为0或切换至手动比例设定；
2.修改程序，切换位lin_20200418，用于自动比例设定时，根据runbar上的车型选择按钮切换车型；
还未验证，请继续跟踪。",2/4,,,程序,林旺腾,,,,,,,,,
2020/4/18,A2MC021,林旺腾,010传递至021的车型在自动模式下失效，查看程序发现MC010TT--》J004_StylelistToMC021--》rung4的Count_fsc2.POS=8，车型无法传递，将范围扩大到10，目前车型传递正常，但生产未启用该功能，请继续跟踪。,2/4,,,程序,林旺腾,,,,,,,,,
2020/4/19,A2SO10,陈佳文,"生产要求将10号工位因APC队列满后无法无法继续做（不能关夹头）的程序，改为销子无法伸出。
将关clamp的限制条件COPY到PINCLAMP中：
（1）S012_AdvPin2_V18--》OTE(Pin2Adv.Auto)   （2）S030_AdvPin2_V18--》 OTE(Pin2Adv.Auto) (3)S032_AdvPin3_V19-->OTE(Pin3Adv.Auto) ",3/4,,,程序,陈佳文,,,,,,,,,
2020/4/19,A2SO10,陈佳文,生产又要求晚上关闭排序功能，人工控制生产。切换位：A2SO010T1_LL_LH--》B001_MapInputs--》OTL(BypassSO010LoadSequence) ,3/4,,,程序,陈佳文,,,,,,,,,
2020/4/19,A2MC010,陈佳文,切换位lin_20200418，已切换，自动比例功能正常，人工切换尚未验证,2/4,,,程序,陈佳文,,,,,,,,,
2020/4/19,CV4,陈佳文,RB101不出车，程序看到NCCON I1258安全继电器未吸合，手动把车拉到位，恢复生产。根据图纸看，是上升下降位或超程引起。A班会星期一会检查,2/4,,,其他,陈佳文,,,,,,,,,
2020/4/19,CV12,陈佳文,ROUTER1更换路由器，可能要输入密码：7474627879（router1_5G速度块）,3/4,,,其他,陈佳文,,,,,,,,,
2020/4/19,CV5,尹伟文,"1. CV5 A2SL的后盖工装已移到MF140右侧，CV5_20200419.ZIP。修改程序块名： MF145RH_A2SL。原APC的HMI移作A2SL后盖用。HMI中增加VersaMax模块，#63站点，其他模块站点不变。
2. 程序中增加A2SL的后盖队列：%R4501~4520。原后盖队列留作A2LL专用。“CV5 数据传递的控制流程和时序2020.ppt”。参照第一页，在交接目录中。
3. 增加车型指示灯，及料架提升的车型指示灯。
4.  网络图修改，“CV5 profibus layout 20200419.ppt”参照第二页，在交接目录中。",3/4,,,程序,尹伟文,,,,,,,,,
2020/4/20,FI000,尹伟文,FI030工位的A10工装已拆除，相关吊具信号屏蔽。%M4053中%M4041已Bypass。,3/4,,,程序,尹伟文,,,,,,,,,
2020/4/20,A2DL010,尹伟文,"转台工装上增加两根以太网线，原来对面两个工装为一个网段，现分为两个网段。目前每个工装有单独网线连到交换机。(HMI未改，线标未做。）
已恢复使用原网线，备用线还放在转台中。",3/4,,,硬件,尹伟文,,,,,,,,,
2020/4/20,CV6,林旺腾,CV6 RB01 SL后盖高低配拍照检测目前未调试好，“CV6_20200421”为没有改动的程序，“CV6_20200420（NOK）”为改动的程序，明天早班开线请注意。,2/4,表调出口的调试车不能放出去（已下线）,,其他,林旺腾,,,,,,,,,
2020/4/20,CV5,谢诚侃,145 A2SL HMI下载,3/4,,,程序,谢诚侃,,,,,,,,,
2020/4/20,E2UB060,谢诚侃,控制柜空调水管整改,3/4,,,其他,谢诚侃,,,,,,,,,
2020/4/20,A2SO10,陈佳文,"SO010增加自动切车型  Program：A2SO010 Roubtine：B012-StyleSelect Rung：1  （说明：增加转台根据队列自动切车型）切换位：XIC(BypassSO010LoadSequence) （未启用）
程序已放入ab_present（A2SO010_20200420），交接原程序放在[01修改交接程序]中",3/4,,,程序,宇方,,,,,,,,,
2020/4/20,CV14,陈佳文,"1：（1）取消 ST70段小车车型判断，小车车型信号I00277/I00279用AlwayOn屏蔽。（2）取消A2上料口小车车型判断，小车车型信号I01346/I01347用AlwayOn屏蔽。（3）取消ST16段小车车型判断，小车车型信号I00136/I00137用AlwayOn屏蔽。
2：取消ST16段停止位两个传感器中的一个，信号I00196。
3：增加ST002_2C段停止位，停止信号I00645。由原来ST047-》ST002_2A段变为目前  ST047-〉ST002_2C->ST002_2A。
程序已更新20200420  交接原程序放在[01修改交接程序]中",3/4,,,程序,DEMC,,,,,,,,,
2020/4/20,ALL,陈佳文,"FO130 , YF_MC，增加5G接入点    Router1:7474627879 。fo130   :spbscontrolteam 。
yu_mc  :yufang001。router3:spbscontrolteam",3/4,,,其他,陈佳文,,,,,,,,,
2020/4/21,E2RF010,谢诚侃,LB上料工位LS死机，断电无效。更换,3/4,,,备件,谢诚侃,,,,,,,,,
2020/4/21,CV5,谢诚侃,LL APC工位急停后，安全复位按钮在VFD柜上，请知晓,3/4,,,其他,谢诚侃,,,,,,,,,
2020/4/21,E2LB_A2_DL,谢诚侃,A2SL切换后DieChange.Mode.On信号不清除，工装夹头不打开，可能是XIC(DieChg.RamRunningOK) 条件没有满足，里面只有MCM车型的条件。先把A2SL和LL的物料到位加进去。DL040-->B007_StatusSummation-->OTE(DieChg.RamRunningOK) 增加SL和LL条件,3/4,,,程序,谢诚侃,,,,,,,,,
2020/4/21,CV7,尹伟文,"目前CV2的E2SB GS车型不会送到SO050的队列的。后续会短期大量生产GS车型，可能需要不分GS & 非GS，将所有的SB车型都送到SO050队列。这时CV7需要做如下修改。
1.  在CV7程序中将GS当非GS车型送出，即93车型号改为90车型号。
2.   CV7Cell1--> CV2Buffer--> Rung 45，将93改为90，送入 CV7_Interlock_to_Pallet.CV2_Style_Temp",3/4,,,其他,尹伟文,,,,,,,,,
2020/4/21,E2SO010LH,尹伟文,"如短期大量生产GS车型，可能需要不分GS & 非GS，将所有的SB车型都送到SO050队列。这时SO010LH需要做如下修改。
1.  在SO050程序中抓手从APC上抓取到GS外板时会在车型队列中补一个90车型，这个功能需要断开。
2.   SO050L--> C001_ProduceStackFromCV7--> Rung 13，Alw_off 断开。",3/4,,,其他,尹伟文,,,,,,,,,
2020/4/21,BDC,谢诚侃,A304堆垛机油漆车间需要维修，现放单个雪橇往车身车间。请知晓,2/4,,,其他,谢诚侃,,,,,,,,,
2020/4/21,CV5,谢诚侃,暂时把A2后跟E2有一个空档的条件先取消1000M,3/4,,,其他,谢诚侃,,,,,,,,,
2020/4/21,CV6,林旺腾,LL拍照大多数不通过，发现是参照物无法有效识别，现场调整后没有完全ok，需停产日留车进行调整。,2/4,LB MCM也要留车调整,,其他,林旺腾,,,,,,,,,
2020/4/21,A2FR,林旺腾,生产反映SL 右边计数不准确，现用机器人启动焊接一次作为计数，切换位lin_20200422，请知晓。,3/4,,,程序,林旺腾,,,,,,,,,
2020/4/21,E2UB030,林旺腾,左侧人工上料区域LS不好导致跳急停，擦拭后恢复，请注意跟踪。,3/4,,,其他,林旺腾,,,,,,,,,
2020/4/21,办公室,林旺腾,桌上SICK的拍照器麻烦帮忙还给东昌,3/4,,,其他,林旺腾,,,,,,,,,
2020/4/22,A2SI,陈佳文,今天10#右边转台T1 REVERSE 有一次超程（编码器超程1000左右），反向手动开过一次后恢复。现场正好发现超程开关安装方式有点问题。滕师傅会发一点课程,3/4,,,程序,陈佳文,,,,,,,,,
2020/4/22,cv5,陈佳文,"CV6RB01 LB拍照报警多，低配：修改增益400%--》294%，曝光35--〉31边缘强度降低。高配：增益162--〉222，曝光72-->40 跟踪10几辆没报警，请继续跟踪
",3/4,,,程序,陈佳文,,,,,,,,,
2020/4/22,CV4,陈佳文,CV4 TC110从动轮损坏，已更换   （物料号：sg22223）,3/4,,,其他,陈佳文,,,,,,,,,
2020/4/22,cv5,陈佳文,LB拍照报警计数每辆都会增加（不管好坏），M03739前增加2秒延时,3/4,,,程序,陈佳文,,,,,,,,,
2020/4/22,CV12,林旺腾,"现象：RB04雪橇出车撞到RB05所在的TT02转台上，此时转台转动了一点且RB05和RB05都有雪橇；
推测：RB05没到位（I705没亮） 导致TT02不转动，RB04因RB05没到位而出车撞上RB05雪橇，此时I705亮起，TT02转动
短措：新增RB04 RUNIN 变量6632M和RB04 RUNOUT 变量6633M，确保当RB05上传感器全灭才能进车
     ",2/4,后续加装翻转挡块,,其他,林旺腾,,,,,,,,,
2020/4/22,E2RD060,林旺腾,电机驱动皮带轮损坏（SG29600)，中心有两个，今晚用掉一个，现场需设库位。,3/4,"驱动轮：SG29601
从动轮：SG29602",,备件,林旺腾,,,,,,,,,
2020/4/22,A2MC021,林旺腾,"现象：生产反映在SL切换LL时，第一个LL的A面转进去时，此时上料最后一个SL的B面，车型出错；
问题：程序里看到B面（T3）车型是根据当前A面（T1）的车型传递来的，应该由前一个A面（T1）传递；
措施：拉动供应商修改程序",2/4,,,程序,林旺腾,,,,,,,,,
2020/4/22,CIM,林旺腾,A2SO/A2SI/A2MC/A2UB界面已启用。,3/4,,,程序,林旺腾,,,,,,,,,
2020/4/22,UR040,林旺腾,LB 87车型pinclamp1close不到位，C62.PX2+C63.PX2+C64.PX2没到位（其实用的都是一个点），强制后L2机器人撞了车身，原因是装错料，请知晓。,3/4,,,程序,林旺腾,,,,,,,,,
2020/4/22,A2,林旺腾,A2SO015和A2MC021转台超程，碰到硬限位，程序看下来没有问题，怀疑变频器参数设置有问题，请继续跟踪。,2/4,"变频器参数备份：E:\05_程序备份\3_变频器参数备份\A2MC&UB变频器20190410
E:\05_程序备份\3_变频器参数备份\A2宇方变频器参数备份",,程序,林旺腾,,,,,,,,,
2020/4/23,A2MC021,陈佳文,T1转台LL和SL防错失效。B007_StatusSummation--》OTE(Sts.AllParts) 增加车型调件,3/4,,,程序,陈佳文,,,,,,,,,
2020/4/23,A2MC021,陈佳文,碰到一次T3车型丢失，可能是T3 1#队列清除快于1#队列传给style。T3带料转到work位就清除1#队列，改为带料转到位后机器人进SEG51后清除，切换位：XIC(cjw_20200423) 。请跟踪,3/4,,,程序,陈佳文,,,,,,,,,
2020/4/23,A2,陈佳文,"A2SO015,A2SI10R和A2MC021转台比对过备份的参数，没有异常。A2MC21和A2SI10R转台转速降低2500--》2300，电流有降低。需跟踪",3/4,,,硬件,陈佳文,,,,,,,,,
2020/4/23,CV6,陈佳文,RB01，LB高低配共有7次报警，继续调整search method，edge strength，请继续跟踪,3/4,,,其他,陈佳文,,,,,,,,,
2020/4/23,,陈佳文,桌上SG29601 皮带轮，明日帮忙还给东昌，谢谢,2/4,,,其他,陈佳文,,,,,,,,,
2020/4/23,CV12,陈佳文,"RB04 RB05,A班会安排安装挡块，请知晓",2/4,,,其他,陈佳文,,,,,,,,,
2020/4/23,A2SO015,林旺腾,转台反向旋转时超程，碰到硬限位，检查发现超程传感器安装位置有问题，程序中将A2SO015TT-->P005_TurnTableSetup-->RUNG2 的赋值由500改为400，请继续跟踪。,2/4,检查A2SI和A2MC021转台发现加减速时间过短，不足1s（可能因为转台负载小）,,其他,林旺腾,,,,,,,,,
2020/4/23,FI000,林旺腾,发生过一次机运线急停，此时030往040进车，检查发现安全继电器独眼龙，来回拨动后恢复，请继续跟踪。,3/4,,,其他,林旺腾,,,,,,,,,
2020/4/23,A2SI010L,林旺腾,T5转台PPX11（Parts.Pre）在焊接时板材变形偶尔会感应不到，目前先用T2转台到位信号bypass，之后拉动供应商增加垫片调整传感器位置，请知晓。,2/4,,,机械,林旺腾,,,,,,,,,
2020/4/23,CV11,林旺腾,现在A2放完车后，如果E2buffer为空，则会一直等，如果想不等待直接切换回A2放车，可以在M13002条件中将M13048短掉，还未验证，请知晓。,3/4,,,程序,林旺腾,,,,,,,,,
2020/4/24,A2MC025,谢诚侃,25R01抓料自动条件中加入判断比对车型与车型传感器条件,3/4,,,程序,谢诚侃,,,,,,,,,
2020/4/24,其他,谢诚侃,上线了一个35号雪橇，没有装TAG，在CV4上安装。请跟踪,3/4,,,其他,谢诚侃,,,,,,,,,
2020/4/24,CV14,陈佳文,36#车在80#段，掉下一个侧围，托快变形，现关入维修区,2/4,,,其他,陈佳文,,,,,,,,,
2020/4/24,CV11,陈佳文,"生产反应A2 在车型变化时（RB48 ,SL,LL）有两个问题：
1.需要在切换车型时加入E2车型。查看程序发现切换车型的条件是靠RB45的barcode传递队列的，现在barcode已不用。修改程序用机运线车型传递给BARCODE的队列R6080->R1947。切换位：5000m。需跟踪
2.仅在有A2车型变换时A2实际放车数量小于设定数量（设定3辆，实际只放了1辆）.原因还未查到
",3/4,,,程序,陈佳文,,,,,,,,,
2020/4/24,ALL,龚伟杰,"麻烦明天帮忙让东昌调几个物料：RM20874*1个,SG14046*2个,RM98242*2个,RM97985*3个,RM24745*3个,RM20858*4个,RM20879*1个，谢谢",3/4,已通知东昌,,其他,龚伟杰,,,,,,,,,
2020/4/24,A2SL/A2MC21,陈佳文,A2SL010 与A2MC021转台的加减速斜坡改为2S，请知晓,3/4,,,程序,陈佳文,,,,,,,,,
2020/4/25,CV6,谢诚侃,RB01用原来A10的相机（15500008)添加用来拍摄SL摄像头车型。现在路由器上有六个相机；并修改LL在CV6 RB01出车检测的报警。只有倒车上线时候检测。因为在CV5 RB02横梁上已经检测过，无需重新检测。SL车型有四个，需要在CV5 RB02和CV6 RB01上都检测。调试中,2/4,,,其他,谢诚侃,,,,,,,,,
2020/4/25,CV11,尹伟文,移栽叉编码器位置已调整，具体参数见“CV11横移叉定位20200425.ppt”，交接目录中。,3/4,,,程序,尹伟文,,,,,,,,,
2020/4/25,CV14,龚伟杰,"DEMC修改了CV14小车的电机接线，#1 #2 #25 #27 #28 #29 #34共7辆，原来有几台高速是35HZ的现在都统一成30HZ,早班再跟踪一下状态",3/4,,,其他,龚伟杰,,,,,,,,,
2020/4/25,CV9,陈佳文,211#雪橇在CV10LT10时，雪橇夹紧夹头关不到位，需要校验，已在CIMCITY中设好，请留意,3/4,,,其他,陈佳文,,,,,,,,,
2020/4/25,E2MC040,陈佳文,在40#OTE(PalletOut.Clear) 条件里增加XIO (anticollision_mc50up_activated) 条件防止追尾。切换位：XIC(cjw20200425) ,3/4,,,程序,陈佳文,,,,,,,,,
2020/4/25,CV11,陈佳文,A2UB没有过车，CV11叉子没验证，早上开班需更总,2/4,,,其他,陈佳文,,,,,,,,,
2020/4/25,A2SO,陈佳文,"一、SO035增加17.5JPH车型对比  1、 Program：A2SO035
Roubtine：S020_A2SO030R4Drop_EMS
Rung：4
二、SO010增加CallButton切换叫料程序（未启用） 
1、 Program：A2SO010TT
Roubtine：B002_MapOutputs
Rung：3-7
",3/4,,,程序,宇方,,,,,,,,,
2020/4/26,CV11,林旺腾,"现象：1.开班A2 buffer里最前面有4辆SL，生产设置放4辆，结果只放了两辆；
      2.第二轮放A2 四辆，放出上轮剩下的两辆SL和后面的两辆LL；
      3.E2设定放16辆，结果放8辆时切换到A2；
      4.A2设定放3辆，结果放出6辆（3LL+1SL+2LL)；
分析：1.怀疑HMI界面上5232R值停产日有变动，导致A2实际放车数为2（选了HMI上SL设定最左边的值2）；
      2.第二轮5232R正常，为16，选了HMI上SL设定中间的值4，可能由于车型切换程序没有做好，导致出了两辆LL；
      3.程序看下来没问题，后续跟踪未发现；（正常车型切换）
      4.是因为E2没车，所以又切换到A2放车；
短措：修改A2放车车型切换功能，切换位4526M，并将4500M 置ON（当A2放车时车型切换时，则切换到E2放车）
长措：修改HMI界面，增加最终放车数量的显示6031R和6011R，便于生产明确放车比例 暂不施行",2/4,建议CV11程序重写,,程序,林旺腾,,,,,,,,,
2020/4/26,A2FR,林旺腾,T1和T3转台的阀岛通讯故障，断电后恢复，请知晓。,3/4,,,通讯,林旺腾,,,,,,,,,
2020/4/26,E2LB_A2_DL,林旺腾,SL车型时夹头不关，发现是R3的Drop.Comp没有，问现场维修是开会过HOME，请注意跟踪。,3/4,,,其他,林旺腾,,,,,,,,,
2020/4/26,CV14,林旺腾,2# 27#小车改过△/Y接法，变频器报警，已关入维修区，请知晓。,3/4,,,其他,林旺腾,,,,,,,,,
2020/4/26,CV6,谢诚侃,"RB01 SL后盖拍照调试，程序修改。相机启动187q,高配185q,编写A2SL的车型拍摄程序中，调试中3767m A2SL DL MATCH OK和3768m OFF强制中；CV6 VISION 信号汇总表格已更新后放在4月交接里",2/4,,,程序,谢诚侃,,,,,,,,,
2020/4/26,A2SO015,谢诚侃,SL APC上LOAD位置，CLAMP2写成了Clamp4，需要供应商检查其他LIST并修改,2/4,,,程序,谢诚侃,,,,,,,,,
2020/4/26,CV11,谢诚侃,HMI上车型HOLD失效，CIMPLCITY也无法操作，对比去年的程序，发现原来使用SET线圈，且HMI上有RESET按钮。现程序参考去年修改了下。HMI也改过了，暂时不下载。用按下HMI硬件RESET两秒复位来替代,2/4,,,程序,谢诚侃,,,,,,,,,
2020/4/27,CV5,林旺腾,"1.为方便查看各车型拍照通过率,新增CV6_SICK.cim界面，可以查看当班拍照状态；
2.CV6拍照电脑上“SICK拍照参数截图”表格内保存了现有各车型的拍照参数照片，如后续调整，需将调整好的参数保存到该WORD中，便于追踪；
3.LB高配跟踪到一辆不通过，发现曝光过高，调整后通过；
4.SL不通过，分析可能是依靠两个小洞定位不准确，背景太杂乱，现在引入中间折痕作为定位，请继续跟踪。",3/4,,,其他,林旺腾,,,,,,,,,
2020/4/27,CV11,林旺腾,"1.开班SL/LL车型放车正常；
2.HOLD车型程序修改（13051M和13059M），目前恢复HMI功能和CIM功能；
3.昨日E2 buffer空导致A2连放两轮，查看程序应该不会发生此类情况，除非E2 HOLD，请继续跟踪。",3/4,“CV11_20200427”备份的HMI界面有所修改，如果下载需注意,,程序,林旺腾,,,,,,,,,
2020/4/27,E2LB_HD010,林旺腾,发生一次处理故障时，R6没有把抓手放到滚边台上，R3/R4/R5就来滚边的情况，程序中用HD055R06PutGR01.Comp置位信号作为机器人滚边的Auto条件，现将该条件增加至R3/R4/R5 第一道滚边的clear条件里（HD050--》S034_HD050R05Hemm1_E2LB/S039_HD050R04Hemm1_E2LB/S048_HD045R03Hemm1_E2LB中，请知晓。,3/4,,,程序,林旺腾,,,,,,,,,
2020/4/27,CV14,林旺腾,2# 27# 29#小车有故障，DEMC 目前在修理，请知晓。,3/4,,,其他,林旺腾,,,,,,,,,
2020/4/27,ALL,谢诚侃,今日无要事,4/4,,,,,,,,,,,,,
2020/4/28,BDC,陈佳文,因BDC操作台长钥匙短缺，避免因此停机，把钥匙开关更换为旋钮开关，现在只换了A600的，请知晓。（已从中心调货）,3/4,,,其他,陈佳文,,,,,,,,,
2020/4/28,A2MC,陈佳文,"1. 021转台今天发生超程1次（碰光栅引起），程序里碰光栅延时断开变频器使能的程序少了2个使能，以修改s_zF021_TT_MotorControl1--〉rung5--〉OTE(M1.O2.F252SRM)和 OTE(M1.O2.VFDEnable) 
2. 010转台s_zF021_TT_MotorControl1--〉rung4-->OTE(M1.O2.F252SRM) &OTE(M1.O2.VFDEnable)  需跟踪",3/4,,,程序,陈佳文,,,,,,,,,
2020/4/28,E2SO080L,林旺腾,"当SB Pallet切换LB时，会发生RFID readComp信号没有，导致下一辆Pallet的RFID无法读取，现新增变量lin_20200429,用于RFID读取复位，请继续跟踪。",3/4,,,程序,林旺腾,,,,,,,,,
2020/4/28,E2UB010,林旺腾,黄万宝反映目前90和96的前围零件无差异，但96车型时L1只能抓5号库位的96车型，不能抓90车型，造成浪费，需早班联系项目确认5号库位是否可以90和96混用，以及机器人90/96 style有无区别，切换位参考XCK20200324，还需修改UB010--》S056_UB010L1Pick5内clear条件，请知晓。,3/4,,,程序,林旺腾,,,,,,,,,
2020/4/29,CV7,龚伟杰,5月份开始应该会批量生产GS，现修改程序，切换位CV7CELL1-->CV2_BUFFER-->GS_21MY_MODE(该变量已做好INTERLOCK，置ON之后E2SO010L程序内的同名变量也会ON)。程序修改内容：1.修改E2SO右侧挂料段出车后的岔道程序，将原来的SBGS和非GS道互换；2.修改TS131和TS132的岔道选择程序以及E212REQUESTLIST&E2REQUESTLIST两个队列的写进写出程序。程序目前无法测试，需要生产切换时在线跟车，请知晓,2/4,中班再帮忙看看有没有需要修改的地方(暂无修改）,,程序,龚伟杰,,,,,,,,,
2020/4/29,E2SO010L,龚伟杰,5月份开始应该会批量生产GS，现修改程序，切换位GS_21MY_MODE(由CV7控制)。程序修改内容：1.原本E2SO050L接收CV2传过来的车型时只将80/90放入自己队列，现在将三个车间都放进队列，生产需要依据队列做料；2.50L2依据队列抓APC侧围时本来抓GS后会重新压一个90队列回去，现断开；3.E2SO030L上料时原本只能5辆GS，现在改为只能5辆非GS。其他左侧传给右侧的队列以及PALLET切换的队列暂时没看出需要修改的地方。程序目前无法测试，需要生产切换时在线跟车，请知晓,2/4,中班再帮忙看看有没有需要修改的地方(暂无修改）,,程序,龚伟杰,,,,,,,,,
2020/4/30,E2MC50,陈佳文,在50#60#70#80# OTE(PalletOut.Clear) 条件里增加XIO (anticollision_mc60~90up_activated) 条件防止追尾。切换位：XIC(cjw_20200429) ,3/4,,,程序,陈佳文,,,,,,,,,
2020/4/30,ALL,林旺腾,今日无要事,4/4,,,,,,,,,,,,,
2020/4/30,E2MC005,尹伟文,"1. 之前005工位的防撞杆左侧安装了检测SB 21MY的传感器，现在当夹头夹紧后检测到有孔时，车型指示等“黄闪”，操作人员可以确认安装是否正确。
2.  E2SB MCM车型需要新划分一个车型配置98，该配置在MC070工位（G2工装）上TieBar是应该采用非MCM的料。目前改配置暂未加入，切换位Tag：yww01。生产时投入，在线跟踪状态。条形码配置表已更新。“条形码定义_04_LBMCM_SB19_截止A2LL_A2SL项目_E2SBMCM_20200428 ”",3/4,,,程序,尹伟文,,,,,,,,,
2020/4/30,E2MC070,尹伟文,E2SB MCM车型需要新划分一个车型配置98，该配置在MC070工位上TieBar是应该采用非MCM的料。目前程序未开通，生产时投入，在线跟踪状态。S056_MC070R1Pick-->RUNH 7。“E2MC070_090_20200430.ACD”,3/4,,,程序,尹伟文,,,,,,,,,
2020/4/30,CV5,陈佳文,"1.RB02 SL拍照和LL公用一个相机(相机名称:RB02_LL_SL)，拍照图像已调好。启动信号和高低配信号未接，RB01上SL也微调过。
2.为了兼容SL调整过RB02相机位置(RB02_LL_SL)，线下没有LL所以用SL作为模版来重新调过LL的图像。可能会有点位置偏差开线时需注意
",3/4,,,程序,陈佳文,,,,,,,,,
2020/4/30,CV5,陈佳文,更新1.CV6_vision信号汇总，2.CV6拍照电脑上‘SICK拍照参数截图’,3/4,,,其他,陈佳文,,,,,,,,,
2020/4/30,A2SO010,陈佳文,供应商修改程序：SO010增加服务件程序,3/4,,,程序,陈佳文,,,,,,,,,
2020/5/5,A10_A2_DL,陈佳文,"1.A10转台T1 T2 DNET通讯线和电源线断开（接头在安全门进去左手边），J1箱上拔掉5个阀岛执行电源线。程序强制了一个自动模式XIO(cjw20200505) .
2.A2转台自动模式下可以转进转出，机器人没有自动运行过（看程序里启动条件应该没问题），请知晓",3/4,,,其他,陈佳文,,,,,,,,,
2020/5/5,A2SO015,林旺腾,T1和T3转台的阀岛通讯故障，通讯位一直在跳，现将T3转台的阀岛飞线至交换机，并切断T1阀岛到T3模块的以太网线，通讯恢复，之后要BFT重新布线，请知晓。,2/4,在手动转动转台验证时发生一次超程,,通讯,林旺腾,,,,,,,,,
2020/5/5,FO140,林旺腾,HMI上“Robots MapInput Signal”界面里140L1机器人的信号点不正常，查看HMI发现与PLC关联的信号点都没有，可能是因为之前换过机器人控制柜，葛逸飞说目前信号点与140R1一致，修改过的HMI文件放在5月交接文件夹内          “FO140HMI2_20200505.mer”，但版本不兼容HMI无法运行，麻烦早班看下。,3/4,,,其他,林旺腾,,,,,,,,,
2020/5/6,CV6,谢诚侃,SL的拍照防错现在已经开启使用，请注意。运行情况良好,3/4,,,程序,谢诚侃,,,,,,,,,
2020/5/6,A2_E2LB_DL,谢诚侃,发生LL车型，40号胎膜工位夹头无动作，PLC断电重启后恢复,3/4,,,其他,谢诚侃,,,,,,,,,
2020/5/6,FO140,谢诚侃,HIM2重新下载，apa，mer文件已放在程序备份中,3/4,,,程序,谢诚侃,,,,,,,,,
2020/5/6,A2SO015,林旺腾,由于转台超程，转台减速时间TT1.VFD.O.DEC_RAMP由2→2.5，请知晓。,3/4,,,程序,林旺腾,,,,,,,,,
2020/5/6,A2UB010,林旺腾,SHUTTLE不上升，程序内是010LF BK12.I.D12没有亮，现场是人工工位的平衡吊具没有回退到位，请知晓。,3/4,,,程序,林旺腾,,,,,,,,,
2020/5/6,A2SO015,林旺腾,"1.发生过一次T1BK15通讯丢失，断电后恢复；
2.HMI 以太网界面中HMI，J1，J2通讯状态为红色，PLC程序内关联点没有做，需拉动供应商处理。",3/4,,,程序,林旺腾,,,,,,,,,
2020/5/6,CV6,林旺腾,发生一次SL相机不通过信号738I和739I分别常ON，断电后恢复，之后SL拍照通过率低，目前强制3767M和3768M，另外监控相机拍照的电脑无法启动，用旧电脑进行替换，请知晓。,3/4,,,其他,林旺腾,,,,,,,,,
2020/5/6,FO140,林旺腾,HMI “Robots MapInput Signal”界面文字已修改，版本为5.0，请知晓。,3/4,,,程序,林旺腾,,,,,,,,,
2020/5/7,CV7,谢诚侃,HMI队列修改功能关闭，CIM界面上可以置位恢复HMI的修改功能,3/4,,,程序,谢诚侃,,,,,,,,,
2020/5/7,CV5,谢诚侃,185工位A2LL后盖清车型程序有错误，现已经修改HMI4第100行,3/4,,,程序,谢诚侃,,,,,,,,,
2020/5/7,CV7,谢诚侃,24#小车需要干预挂SL的侧围，在FO040看看测量状态是否正常,2/4,没抓到24#小车,,其他,谢诚侃,,,,,,,,,
2020/5/7,CV6,龚伟杰,CV6 RB01 修改了SL高低配后盖的拍照，跟了一轮十几辆低配没什么问题，但没看到高配，所以强制没放（注意天上的灯需要全部开启，关键是A2MC那里的几个开关，稍微调整了一下曝光，取消了“允许在图像中的任何位置定位目标”）。CV5 RB02 A2LL也不是很好，在线拍了一张高配后盖照片重新标定，低配没抓到，但大致调了一下范围，晚上有空帮忙再看一下过车状态,2/4,,,程序,龚伟杰,,,,,,,,,
2020/5/7,FO040,林旺腾,为防止因in传感器抖动误传style13给L1和R1，新增延时变量lin_20200507和lin_20200507_2，请继续跟踪。,3/4,,,程序,林旺腾,,,,,,,,,
2020/5/7,CV6,林旺腾,A2LL拍照选择“允许旋转”，通过率提高，请继续跟踪。,3/4,,,程序,林旺腾,,,,,,,,,
2020/5/7,ALL,林旺腾,4月底程序备份已完成，请注意更新。,4/4,,,程序,林旺腾,,,,,,,,,
2020/5/8,A2MC020,龚伟杰,"MC020需要增加一个RUNBAR，因为原来020J箱的点不够，现在已经加了IB8 OB8各一个，硬件配置已经改好下载下去了[7]1756-EN2T ENet07-->1734-AENTR/B su_MC020J1_0-->[9]1734-IB8/C su_MC020J1_9 [10]1734-OB8/C su_MC020J1_10,程序放在交接文件夹内。成途的高辉会接好RUNBAR的线，明天帮忙配一下RUNBAR信号，急停和复位按钮配安全信号点的输入输出，其他信号就配在新加的模块上，程序不用完整写好，只要点配一下",2/4,,,其他,龚伟杰,,,,,,,,,
2020/5/8,CV6,龚伟杰,CV6线下的车是拍照调试用的，换过后盖，复线晚上请不要上线，第二天正式生产的时候让生产再确认配置没问题再上线,2/4,,,其他,龚伟杰,,,,,,,,,
2020/5/8,CV6,陈佳文,CV5 RB02 横梁上新加一个相机，用来拍A2SL后盖尾翼，高低配车型已调试，触发信号是%Q183，新写了一个BLOCK：VISION8(程序已下载，未调用)，请知晓,2/4,,,程序,陈佳文,,,,,,,,,
2020/5/9,A2,林旺腾,修改A2转台“with/without”，修改过的转台参数备份放在E:\01_修改程序交接\2020年5月\VFD，开线请注意。,3/4,,,程序,林旺腾,,,,,,,,,
2020/5/9,A2MC020,林旺腾,新增RUNBAR E3相关变量，备份文件“A2MC010_20200509_2”放在交接文件夹，开线请注意。,3/4,J箱内需再接4根24V线（1161，1201，1041，1091）,,其他,林旺腾,,,,,,,,,
2020/5/9,A10_HD_DL_FR,林旺腾,未见供应商来拆设备，请知晓。,3/4,,,其他,林旺腾,,,,,,,,,
2020/5/9,AMC/AUB,林旺腾,"AMC040 MCP柜保留，AUB040,050C柜保留，已在柜门上粘贴A4纸，请知晓。",3/4,,,其他,林旺腾,,,,,,,,,
2020/5/9,A2SO015,谢诚侃,"供应商修改程序；SO015增加一个16入BK模块和一个阀岛；增加程序A2SO015――APCLL
Roubtine：S042_CloseClamps7_LoadLock_PM2V2_L
          S042_OpenClamps7_LoadLock_PM2V2_L
          S043_CloseClamps8_LoadLock_PM2V2_R
          S043_OpenClamps8_LoadLock_PM2V2_R
",3/4,,,程序,谢诚侃,,,,,,,,,
2020/5/10,E2SO010L,林旺腾,启用E2SO010L的切换位“GS_21MY_MODE”，CV7程序的切换位“GS_21MY_MODE”未启用，CV7岔道未调换，另外解除非GS 5辆的限制，切换位“NOGS_COUNT”，请知晓。,3/4,,,程序,林旺腾,,,,,,,,,
2020/5/10,FI130,林旺腾,生产反映HMI界面与实际情况不一致，车型有时没显示，颜色和PMC界面不一致，需后续停产日整改。,2/4,,,程序,林旺腾,,,,,,,,,
2020/5/10,BDC,林旺腾,下午发生过A2条码扫不出，IT过来后检查是Barcode位置发生变动，现在自动模式下扫码OK，但手动枪扫码还是不行，控制室李工会与IT协调此事，请知晓。,3/4,,,其他,林旺腾,,,,,,,,,
2020/5/10,CIM,林旺腾,新增E2LB_A2_DL界面，如有需新增界面，请在备注更新。,3/4,,,其他,林旺腾,,,,,,,,,
2020/5/10,E2UB010,谢诚侃,4号库位恢复96车型删除此处切换位XCK20200324；UB010-->C002_Camera-->48行；96车型继续写96，与5号库位可以放置GS后围；机器人程序也做相应改动,3/4,,,程序,谢诚侃,,,,,,,,,
2020/5/10,E2MC005,谢诚侃,SB 21MODE保险杠防错传感器调整,3/4,,,其他,谢诚侃,,,,,,,,,
2020/5/11,E2MC050,陈佳文,E2MC050上层超程传感器长亮（飞溅造成），更换传感器后恢复。（PALLET传感器 JG250919）,3/4,,,其他,陈佳文,,,,,,,,,
2020/5/11,A2UB,陈佳文,凸轮小轴承已调8个到东昌。物料号：SG73762,3/4,,,其他,陈佳文,,,,,,,,,
2020/5/11,E2UB040,谢诚侃,1,3/4,,,备件,谢诚侃,,,,,,,,,
2020/5/11,FI000,谢诚侃,机运线发生几次急停，都是在雪橇30到40工位的过程中，应该是光栅BYPASS接触器接触不良30-05CR。更换SG90687,3/4,,,备件,谢诚侃,,,,,,,,,
2020/5/12,E2UB010,陈佳文,E2SB 21MODE 96车型变成90车型（并联4# 5#库），程序修改：切换变量XCK20200325和cjw20200512,3/4,,,程序,陈佳文,,,,,,,,,
2020/5/12,CV6,陈佳文,RB02 SL拍照已启用，block：Vision8，触发信号：（183Q）。报警变量：（m1841） Interlock：（834q）   需跟踪状态，如有问题强制(%M03940;) ,3/4,,,程序,陈佳文,,,,,,,,,
2020/5/12,CV14,陈佳文,28# 冲过头频次较高，临时把停止位支架上调，把维修区30#小车磁性开关换到28#上。还需跟踪,3/4,,,其他,陈佳文,,,,,,,,,
2020/5/12,CV14,谢诚侃,14号小车电机罩壳与Sw42段感应铁干涉，现把感应铁片打磨,3/4,,,其他,谢诚侃,,,,,,,,,
2020/5/12,E2SB_HD060,谢诚侃,060后盖模具切入压机时脱钩脱开，压机RAM下降时把锁紧机构压坏，更换SG97206,3/4,,,备件,谢诚侃,,,,,,,,,
2020/5/12,CV7,谢诚侃,27#车因为通讯问题，TS122导轨切换，小车卡住,3/4,,,其他,谢诚侃,,,,,,,,,
2020/5/13,E2SB_A2_HD_DL,龚伟杰,因为昨天晚上发生60号工位模具没到位，压机活塞下压的故障，检查程序后发现信号快插头MediaContact的模具型号信号没有加入升降条件内，现修改程序将Hemdie_Stylecheck.1-4加入HemlowerfromChg.Clear，另外两台压机检查下来没问题，请知晓,3/4,,,程序,龚伟杰,,,,,,,,,
2020/5/13,E2SB_HD060,陈佳文,压机锁紧装置DIE CLAMP 东昌库位有2个，物料号：YB18788（现场），sg97206,3/4,,,其他,陈佳文,,,,,,,,,
2020/5/13,CV6,陈佳文,"RB02 A2LL拍照报警多，高配车型：参数选上“允许旋转”。
                     低配车型：重新设置参考照片。
另外LL拍照报错，无报警（RB02不出车），在LOALRM1中rung39增加报警",3/4,,,程序,陈佳文,,,,,,,,,
2020/5/13,CV14,陈佳文,"2#14#小车更改变频器参数F09由15（左右）调小到6,请知晓，跟踪",3/4,,,其他,陈佳文,,,,,,,,,
2020/5/13,E2UB060,林旺腾,接触器物料号：JG251003 ；型号：3RT6015-1BB42 ；东昌库位：20F20,3/4,,,备件,林旺腾,,,,,,,,,
2020/5/14,CV14,龚伟杰,1.14号小车今天发生过在上料段挂完侧围后不前进，维修看到变频器有输出，电机有声音，关到维修区检查后发现维修开关内刹车线松动，现修复，另外需要更换一个维修开关盖子，SE01665明天到现场，帮忙给刘鹏；2.28号小车更换磁感应开关后还有冲过头的现象，检查发现开关接线内部断开，已更换线缆，再跟踪一下状态,3/4,,,其他,龚伟杰,,,,,,,,,
2020/5/14,A10_HD_DL_FR,龚伟杰,"明天供应商会来拆迁设备，现在把NETGEAR的路由器拆下来接在CV3变频器柜子上了，网线没接所以没上电。明天记得要保留A10前后盖那里IT拉下来的那根网线,接到CV3路由器上；另外供应商拆迁设备之后再检查一遍看看有没有我们需要保留的设备，拆下回收放好，车顶工位也一样",2/4,,,其他,龚伟杰,,,,,,,,,
2020/5/14,CV5,龚伟杰,明天宇方会拆迁表调A2LL的后盖工装，到时候让宇方把那个GE的HMI一起换了，备件在办公室桌上；另外移工装之后光栅之类的设备需要拆下来我们自己收好,2/4,,,其他,龚伟杰,,,,,,,,,
2020/5/14,CV7,陈佳文,TS122岔道，光栅位置调整，原位置扫不到LB。,3/4,,,其他,陈佳文,,,,,,,,,
2020/5/14,A2SO015,林旺腾,为防止在寻位时误触发超程，将A2SO015TT-->TT1.RevOTLimit & TT1.FwdOTLimit 数值由1000-》1500，请继续跟踪。,3/4,,,程序,林旺腾,,,,,,,,,
2020/5/14,E2UB060,林旺腾,SHUTTLE水平刹车接触器已更换，接触器物料号：JG251003，复线请注意验证。,3/4,,,备件,林旺腾,,,,,,,,,
2020/5/15,E2MC010,谢诚侃,010升降导轨更换，电流运行正常,3/4,,,备件,谢诚侃,,,,,,,,,
2020/5/16,FO090,谢诚侃,L4，R4现在只有一把GUN2的焊枪。修改HMI，把GUN1修磨删除，GUN2改成GUN,3/4,,,程序,谢诚侃,,,,,,,,,
2020/5/16,CV5,谢诚侃,SL和LL的HMI的设置Logging Groups选项中Use Default Path改为True,3/4,,,程序,谢诚侃,,,,,,,,,
2020/5/16,BDC,谢诚侃,IT还没有搞定103AVI，明日继续，请注意,2/4,,,其他,谢诚侃,,,,,,,,,
2020/5/16,A10_HD_DL_FR,谢诚侃,田盛还没有拆完，周日才能放网线，已和他们领导说过,2/4,,,其他,谢诚侃,,,,,,,,,
2020/5/17,E2SO050L,陈佳文,新增软化剂循环泵，程序已加入切换变量XIC(cjw20200517) 由于定量机堵死现在未启用,3/4,,,程序,陈佳文,,,,,,,,,
2020/5/17,E2SO050R,陈佳文,新增软化剂循环泵，程序已加入切换变量XIC(cjw20200517) 已启用,3/4,,,程序,陈佳文,,,,,,,,,
2020/5/17,A10_A2_DL,陈佳文,A10转台，安全门打开条件，已断开，请知晓,3/4,,,程序,陈佳文,,,,,,,,,
2020/5/17,BDC,陈佳文,IT怕影响自动扫码，开线时打电话叫他们到现场。电话：512222,3/4,,,程序,陈佳文,,,,,,,,,
2020/5/17,E2SO110R,谢诚侃,1#库位里有个上线的SB 2# PALLET；RFID里无车型，有机会需要在050工位内写入90,2/4,,,其他,谢诚侃,,,,,,,,,
2020/5/17,A2UB010,谢诚侃,开线只做了一辆前围，BARCODE读取慢，开班需要跟踪，已和供应商反应他们开班先跟线,2/4,,,其他,谢诚侃,,,,,,,,,
2020/5/17,BDC,谢诚侃,AVI103已自动放车,3/4,,,其他,谢诚侃,,,,,,,,,
2020/5/17,其他,谢诚侃,NETGEAR路由器已经恢复,3/4,,,其他,谢诚侃,,,,,,,,,
2020/5/17,A2MC020,谢诚侃,成途修改程序；1. MC010比例造车，车型切换时，部分夹头关闭使T1/T2在Load位置时，无法正常放件。2. MC010新加Runbar3. MC021比例造车，车型切换时，指示灯闪烁；4. MC021HMI新增MC021两个APC的当前车型值；5. MC021新增转台T1面的当前车型值；6. UB010新增MC060APC的当前车型值,3/4,,,程序,谢诚侃,,,,,,,,,
2020/5/17,A2SO015,谢诚侃,宇方修改程序；修改APC SL的上料夹头程序,3/4,,,程序,谢诚侃,,,,,,,,,
2020/5/17,CV5,谢诚侃,宇方修改程序；新增Q点Q02093和Q02094，作用于提示工人LB高低配后盖,3/4,,,程序,谢诚侃,,,,,,,,,
2020/5/17,A2SI,谢诚侃,宇方修改程序；SI010LT1面，010L1新增Decision.2；SI010L/R新增标签T2_A2SL_Service.Selected和T5_A2SL_Service.Selected；SI010RT1面，010R1新增Decision.2,3/4,,,程序,谢诚侃,,,,,,,,,
2020/5/18,CV5,林旺腾,生产反映CV5偶尔会停一会再动，是80工位ATLAS枪打的慢，8001M，8051M，请知晓。,3/4,,,其他,林旺腾,,,,,,,,,
2020/5/18,CV14,林旺腾,30#小车在7，8号段不前进，怀疑电机刹车没放掉，现关入维修区，请知晓。,3/4,,,其他,林旺腾,,,,,,,,,
2020/5/18,A2SO020,林旺腾,20R6调错style，但20R3调的style是对的，怀疑LT2上工装传感器抖动导致另一翻转台传style至20R6，请继续跟踪。,3/4,,,程序,林旺腾,,,,,,,,,
2020/5/18,CV7,林旺腾,A2上料段后面等待的小车过多，导致E4021CB跳空开，同时HMI死机，无法复位，考虑限制Order3内小车数量，请知晓。,3/4,,,其他,林旺腾,,,,,,,,,
2020/5/18,A2SO,龚伟杰,A2SO切换17.5程序后部分PMC产量计数有点问题，需要白天让供应商再核对一下,2/4,已修复,,程序,龚伟杰,,,,,,,,,
2020/5/18,CV14,陈佳文,130#段，停止传感器被撞坏，现临时黑胶布包住，上调传感器后，发现有干涉现象。后续需整改,2/4,,,其他,陈佳文,,,,,,,,,
2020/5/18,FO150,陈佳文,有一辆车，自动状态下R1 L1激光焊都只烧了一半就停止出光了，怀疑是机器人有HOLD引起，现在将 exit安全门 和滚床下降到位信号加入趋势图，请跟踪。,2/4,,,程序,陈佳文,,,,,,,,,
2020/5/19,FO040,林旺腾,左侧swing4气缸close动作不到位，现将气管拔掉，程序强制切换位lin_20200519_2，请知晓。,3/4,,,其他,林旺腾,,,,,,,,,
2020/5/19,CV7,林旺腾,"CV7 E4021CB 目前电流容量为12.5A，周末停产更换为20A,空开物料号RM14867，从中心调过来明天到，请知晓。",3/4,,,备件,林旺腾,,,,,,,,,
2020/5/19,A2SO030,陈佳文,A2SO030发生一次急停，因为cv7 A2 LOAD段  二层平台操作箱里面安全模块故障导致，模块断电后恢复。   s_B010_SafetyConfigInputs--》  OTE(FromEMSCellInterlocks.NoEStop) ,3/4,,,其他,陈佳文,,,,,,,,,
2020/5/19,CV7,龚伟杰,钱老板想看看CV7上SL的小车BUFFER数量能不能增加，现场看下来应该没什么空间。后续可以考虑程序里做切换位，产量配比特殊的情况下可以手动互换LL和SL的BUFFER道,2/4,,,程序,龚伟杰,,,,,,,,,
2020/5/19,CV14,陈佳文,30#小车在A2挂件口发生2次挂料不好的情况，现已关入维修区。请知晓,2/4,,,其他,陈佳文,,,,,,,,,
2020/5/19,CV4,陈佳文,A2区域，一光栅报E1，已更换，请知晓,3/4,,,其他,陈佳文,,,,,,,,,
2020/5/20,,林旺腾,"DEMC新增一层和二层HMI3按钮复位急停，HMI3-->P000_common-->rung6,请知晓。",3/4,,,程序,林旺腾,,,,,,,,,
2020/5/20,RL060,林旺腾,60R1水流量偶尔抖动，目前机器人DO[34]强制ON，程序内强制切换位lin_20200520，请注意跟踪。,3/4,,,程序,林旺腾,,,,,,,,,
2020/5/20,CV6,林旺腾,SL拍照NOK信号常ON，导致CV6掉自动，现将高报250M中范围去除1840，请知晓。,3/4,强制3768M,,程序,林旺腾,,,,,,,,,
2020/5/20,E2MC60,陈佳文,生产要求在MC60HMI上显示mc30上层的车型，HMI程序已切换，原程序日期：20190408.请知晓,3/4,,,程序,陈佳文,,,,,,,,,
2020/5/20,CV7,陈佳文,ts231发生过一次机械卡住，已做润滑处理，请知晓跟踪,3/4,,,其他,陈佳文,,,,,,,,,
2020/5/20,A2HD10,陈佳文,"T1和T3转台有过2次通讯故障（CellSwitch 11#点） ，断电后恢复。后续会要求供应商把T1,T3转台模块分开。",2/4,,,其他,陈佳文,,,,,,,,,
2020/5/20,RL060,陈佳文,切换位lin_20200520已恢复，请知晓,3/4,,,程序,陈佳文,,,,,,,,,
2020/5/21,CV3,谢诚侃,大小循环切换，常态下要确认保持自动切换4898m ON,3/4,,,程序,谢诚侃,,,,,,,,,
2020/5/21,FO140,谢诚侃,连接组增加L1，R1 DO157信号给PLC，新增JFM140_L1_Fronius ，JFM140_R1_Fronius,3/4,,,程序,谢诚侃,,,,,,,,,
2020/5/21,CV10,林旺腾,曹鸣晓提出TC060横移到POS3时，雪橇前端的感应器RB070.PX3.ON偶尔不亮，现将RB070.InPosition条件加入到TC060横移的到位条件中，切换位lin_20200521，请注意跟踪。,3/4,,,程序,林旺腾,,,,,,,,,
2020/5/22,其他,谢诚侃,Pallet光电传感器Jg250919领出两个放在急救箱中，其余东昌已经设立库位19C22,3/4,,,其他,谢诚侃,,,,,,,,,
2020/5/22,CV12,谢诚侃,LT01安全门打开，复位后。TT02转台低速启动，停止传感器到位，实际位置没有到。RB04出车，与转台相撞；,2/4,,,机械,谢诚侃,,,,,,,,,
2020/5/22,A2MC030,林旺腾,30R4机器人还没完成40JG01工艺，维修开回HOME，机器人重新启动去抓30JG01的车头，现将“40JG01没料”（STA040_NoPart）加入30R4启动去抓30JG01的条件内，请注意跟踪。,3/4,检查现场程序发现40R1如果回HOME会再次抓料，需修改程序,,程序,林旺腾,,,,,,,,,
2020/5/22,CV11,林旺腾,LT02升降机在下降到低位时，升降机从动轮轴承损坏导致框架倾斜，撞坏低位传感器126I，现都已更换，请继续跟踪。,3/4,,,机械,林旺腾,,,,,,,,,
2020/5/23,CV14,陈佳文,28#小车在弯道无输出，关入维修区，检修无异常后已放出，需更踪,2/4,,,其他,陈佳文,,,,,,,,,
2020/5/23,E2LB_A2_DL,陈佳文,A2LL DIECHANGE RET位信号多次丢失，零时把编码器值放大（-25000--》 -26000）切换位XIC(cjw20200523) ，明日供应商检查,3/4,,,程序,陈佳文,,,,,,,,,
2020/5/23,A2MC030,陈佳文,"优化MC30R4启动条件，在OTE(MC030R4Init.ClrSetup) 中增加上一辆车的seg36和seg20的置位信号作为启动条件,切换位XIC(cjw20200523) ",3/4,,,程序,陈佳文,,,,,,,,,
2020/5/23,ALL,谢诚侃,今日无要事,4/4,,,,,,,,,,,,,
2020/5/24,CV6,陈佳文,1840M和1841M从高报分出后不会跳模式，所以在cv6 RB01的前进条件和LT01的上升条件中加入vision的报警变量1840m和1841M。切换位3970M。开班需要跟踪状态,3/4,,,4,陈佳文,,,,,,,,,
2020/5/24,CV6,陈佳文,CV6 RB01 A2SL（Q187）后盖摄像头更换。相机焦距使用别的车型调整的，开班注意跟踪。新相机如果有问题可以换回旧的，在急救箱柜子里,3/4,,,其他,陈佳文,,,,,,,,,
2020/5/24,ALL,龚伟杰,"TO谢诚侃：晚上帮忙在CIMPLICITY上加一下A2区域的BARCODE显示和GOODREAD信号（GOODREAD信号用BOOL,不要用INT），谢谢",2/4,,,程序,龚伟杰,,,,,,,,,
2020/5/24,E2SO,陈佳文,连接组交接SO右侧50R2程序segment来回跳过，最后手动放完料。之后自动做过一次，开线时在注意一下车型队列传递,2/4,,,其他,陈佳文,,,,,,,,,
2020/5/24,CV11,尹伟文,"1. TF21 横移叉传感器方式已更改，编码器和传感器控制方式已完全分开，可以独立运行；编码器和传感器切换位：％M3793。目前可以使用，传感器定位基本正确（比编码器稳定性差）；
2. 超程开关用限位开关，%I1963,%I1966，减速/停止用感应开关。
3. 采用传感器方式时，到中间位置的减速传感器尚未安装，目前暂用临时方案：未检测到减速传感器时为低速。
4 传感器支架不便于调节，感应块尺寸偏小，需要进一步整改。
5. 参见“CV11横移叉定位20200524.ppt”",3/4,,,硬件,尹伟文,,,,,,,,,
2020/5/24,CV11,谢诚侃,供应商修改程序；更改TF21感应器位置，新增两个超程感应器；TF21：新增减速逻辑，用于当TF21在highset pos或者lower pos时，TF21 to mid的减速，仅用于TF21启用感应器定位的时候；TF21的感应器和编码器切换功能变量3793M，当切换成编码器单独作用的时候，TF21的各个位置将完全由编码器确定，同理感应器也是,3/4,,,程序,谢诚侃,,,,,,,,,
2020/5/24,FO020,谢诚侃,A10 Clamps4夹头及信号拆除已处理，请跟踪,3/4,,,程序,谢诚侃,,,,,,,,,
2020/5/24,A2SO,谢诚侃,"1.SO020LT1面:SO020R6新增二次焊（Seg[51]）程序,程序已启用；
2.SO020RT1面:SO020R6新增二次焊（Seg[56]）程序,程序已启用；
3.修改A2SO020所有焊接机器人的修模条件；
4.释放20R3,R6在焊接的时候对转毂切换的限制；
5.修改SO015 SL APC下料口Clamps3和Clamps6关闭条件
",3/4,,,程序,谢诚侃,,,,,,,,,
2020/5/25,BDC,林旺腾,TT310转台上的滚床在进车时，碰到减速传感器会停顿一下再前进，目前将f2最小频率由0→2，但仍有停顿，下次可将t1由5→6（减速时间1s→2s），请知晓。,3/4,,,其他,林旺腾,,,,,,,,,
2020/5/25,ALL,龚伟杰,RM00075 RM98714这两个物料麻烦早班各调两个来现场，然后设一下库位，谢谢,3/4,已设,,其他,龚伟杰,,,,,,,,,
2020/5/25,RL40,陈佳文,下班前维修反应做A2时机器人偶尔会HOLD ，原因swing5-》un207 open 会被点亮，夜班会处理，请知晓,2/4,,,其他,陈佳文,,,,,,,,,
2020/5/25,FO090,陈佳文,气源模块24v电源线已修复，请知晓跟踪,3/4,,,其他,陈佳文,,,,,,,,,
2020/5/26,A2MC020,林旺腾,020JG01提速用的第三个runbar，切换位zz_dxy.2，测试过ok，请知晓。,3/4,,,程序,林旺腾,,,,,,,,,
2020/5/26,A2MC020,林旺腾,"A10_A2前围底板的暗灯板下半部分不显示，暗灯板电源JG161781(23E024),需停产日更换。",2/4,,,备件,林旺腾,,,,,,,,,
2020/5/26,CV7,林旺腾,"针对CV7大家有什么想了解的事项可以记录在：E:\CV7相关问题2020.txt里,之后交与DEMC解答。",2/4,,,其他,林旺腾,,,,,,,,,
2020/5/26,ALL,龚伟杰,TO旺腾：明天麻烦再帮我调两个RM49818到现场，也设一下库位，谢谢,3/4,已设,,备件,龚伟杰,,,,,,,,,
2020/5/26,BDC,陈佳文,发生2次104不进105的故障，当班已紧固105对照传感器。对照感应器物料号：RM97478（早班帮忙掉一个到现场）,2/4,,,其他,陈佳文,,,,,,,,,
2020/5/26,A2MC020,陈佳文,A10_A2前围底板的暗灯J箱断电后恢复,3/4,,,其他,陈佳文,,,,,,,,,
2020/5/27,BDC,林旺腾,吴迪反映在故障复位后，A106皮带升降机先进车，然后开始上升一小段后突然落下，皮带松弛且碰到限位开关，后手动上升恢复正常，可能是在上升过程中对照传感器闪烁，造成升降机再启动，启动力矩比重力力矩小，所以落下，请继续跟踪。,2/4,"中班请更换对照传感器
",,其他,林旺腾,,,,,,,,,
2020/5/27,FI060,林旺腾,L1侧的gate X方向运动时变频器一直报警F8，检查发现电排有一个松动脱开，维修反映之前storage到center位时过头（维修按的是to middle），因此电排脱开，请继续跟踪。,3/4,将9245M、9247M、9249M、9251M中主导轨storage to middle条件断开,,其他,林旺腾,,,,,,,,,
2020/5/27,BDC,林旺腾,钱老板要求：A106有车时不能进车，程序明天修改并测试，中班帮忙先看下，谢谢。,3/4,,,其他,林旺腾,,,,,,,,,
2020/5/27,RL120_130,林旺腾,如果要bypass拍照，切换位lin_20200527，请知晓。,3/4,,,程序,林旺腾,,,,,,,,,
2020/5/27,BDC,谢诚侃,105上的光电开关更换，且更换固定螺丝。修改程序，当106滚床有车时，104的升降机不下降。,3/4,,,程序,谢诚侃,,,,,,,,,
2020/5/27,A2SI001RH,谢诚侃,T5转台PPX4到位信号丢失，调整,3/4,,,其他,谢诚侃,,,,,,,,,
2020/5/27,其他,谢诚侃,新厂要走一个SEW转台变频器，SE11832，问下胡滨流程。需要补库,3/4,胡滨已知晓,,备件,谢诚侃,,,,,,,,,
2020/5/27,CV14,谢诚侃,SFI020生产反应SL车型，下来一个LL的侧围。原因待查中,2/4,,,其他,谢诚侃,,,,,,,,,
2020/5/27,BDC,谢诚侃,发生过一次SL106 Movidrive speed monitoring 08 报警，M343.5 可能是升降变频器里发出的。查看电流及转速未发现异常,2/4,,,其他,谢诚侃,,,,,,,,,
2020/5/28,RL140,林旺腾,140往150出车一半时会停，光栅不好，已擦拭，请继续跟踪。,3/4,,,其他,林旺腾,,,,,,,,,
2020/5/28,CV14,林旺腾,A2侧围配对错误，发现是公共道9#多跑出来一个侧围，现已核对队列，请继续跟踪。,3/4,,,程序,林旺腾,,,,,,,,,
2020/5/28,FO090,林旺腾,钱老板反映：在E2切换A2时，当底板落车到位时，GATE才进center，请帮忙看下程序有没问题。,3/4,,,程序,林旺腾,,,,,,,,,
2020/5/28,RL060,林旺腾,60R1水流量偶尔抖动，目前机器人DO[34]强制ON，程序内强制切换位lin_20200520，请注意跟踪。,3/4,,,程序,林旺腾,,,,,,,,,
2020/5/28,CV7,林旺腾,HMI1 柜内以太网基座报错，程序内看到通讯丢失，急停双回路没上去，维修手动拍了急停复位就好了，请继续跟踪。,2/4,,,其他,林旺腾,,,,,,,,,
2020/5/28,FO150,林旺腾,钱毅吉要求：140R1 140L1机器人送丝机电流和镜片温度监控，切换位lin_20200528，还未启用，报警已更新，DEMC会更新至HMI，请知晓。,3/4,,,程序,林旺腾,,,,,,,,,
2020/5/28,CV12,谢诚侃,RB02A电机出来的皮带断SG89639，发现RB02高速只有一个速度，现在把RB02 ADV和RET的高速分开，使得RB02往RB02A的运行速度一致,3/4,,,程序,谢诚侃,,,,,,,,,
2020/5/29,CV6,陈佳文,RB01做SB 1840M报警无法复位 原因A2SL相机（Q187）的738I信号一直为ON。发现相机设置中“输出设置”中持续时间设置不对，已改为固定时间。,3/4,,,程序,陈佳文,,,,,,,,,
2020/5/29,CV5,陈佳文,CV5 RB01 RFID 报错，断电后恢复。程序中是RFID读取报错后自动置位bypass，没有复位程序。现在在程序中增加RB02没车时自动复位程序,3/4,,,程序,陈佳文,,,,,,,,,
2020/5/29,CV11,陈佳文,RB17 驱动皮带断裂更换。由于手动拉过车，一辆SB在UR10，没有写入PVI，强制放出，需要在CV3 rb04处写入pvi。请知晓,3/4,,,其他,陈佳文,,,,,,,,,
2020/5/29,FO140,谢诚侃,L1，R1在SEG050焊接时，应该无法开启安全门。但程序有漏洞，例如当R1在焊接，L1有故障时候可以打开安全门，现在修改程序，把原来串联条件改为并联。两台机器人不互相影响JFM150CELL中的OTE(G3toS.GateLock) 和OTE(G4toS.GateLock) ,3/4,,,程序,谢诚侃,,,,,,,,,
2020/5/29,CV5,谢诚侃,12202M的RESET条件修改，RB01空，才复位；否则Bypass RFID RB01后面的传感器一丢失就复位。RB01雪橇不前进。但车型已经传出去了,3/4,,,程序,谢诚侃,,,,,,,,,
2020/5/29,UR090,谢诚侃,工位通讯故障，C柜内模块插拔重启后恢复。现在把通讯模块到CELLSWITCH的口换到其他口。,3/4,,,通讯,谢诚侃,,,,,,,,,
2020/5/30,cv14,陈佳文,1#小车，供应商修改变频器参数F9调小后，已放出。跟踪状态,3/4,,,其他,陈佳文,,,,,,,,,
2020/5/30,A2SO,陈佳文,SL的APC早上状态是‘左双右单’，4#有挂料问题。下半场切换回‘左单右双后’机器人抓3#4#板时，抓手会有夹头干涉的情况（抓料问题）。最后切回早上状态“左双右单”。请知晓,2/4,,,其他,陈佳文,,,,,,,,,
2020/5/30,CV7,陈佳文,CellSwitch1（172.20.70.2）连不上，用Hidiscovery查看发现IP地址未设。DEMC明日停产会重新设IP地址。请知晓,2/4,,,通讯,陈佳文,,,,,,,,,
2020/5/30,CV14,谢诚侃,36#新小车LL车型挂料不佳，需要供应商验证。已关入维修区,2/4,,,其他,谢诚侃,,,,,,,,,
2020/5/31,CV6,陈佳文,表调程永华要求，出口拍照报错时，HMI边上的旋转报警灯要亮，用作提示。 Q00189条件中并联1840M 1841M,3/4,,,程序,陈佳文,,,,,,,,,
2020/5/31,cv14,陈佳文,30#小车unload段不出车，关入维修区后检查发现平衡导向轮与导向轮支架持平，苏腾打磨支架后已放出，请注意跟踪,2/4,,,其他,陈佳文,,,,,,,,,
2020/5/31,E2MC060,陈佳文,60#上层驱动电机从动轮损坏，导致偶尔进车不到位，交接班时间已更换，请知晓,2/4,,,其他,陈佳文,,,,,,,,,
2020/5/31,CV7,林旺腾,17#从动轮损坏，C班进行更换，请继续跟踪。,3/4,,,其他,林旺腾,,,,,,,,,
2020/6/1,CV12,陈佳文,TT02 班组在adv和ret stopper位置分别增加了2个传感器用做转台到位的doublecheck。点位693I  695I 。程序写在1575M和1565m条件中 不亮 则RB05没有movement。,3/5,需跟踪,,程序,陈佳文,程序修改记录,,,,,,,,
2020/6/1,BDC,陈佳文,TT310转台上的滚床movimoto 参数 F2: 2->0  t1: 5->6 请知晓跟踪,3/4,需跟踪,,其他,陈佳文,,,,,,,,,
2020/6/1,FO140,陈佳文,切换位lin_20200528已启用，HMI已更新20200529，但是更新后的HMI有点问题：历史报警记录无法显示。后续供应商会解决。原HMI程序日期：20200510,3/4,需跟踪,,其他,陈佳文,,,,,,,,,
2020/6/1,BDC,陈佳文,sew供应调整A106升降机变频器参数303 电流限制由98%调大到105%,2/4,需跟踪,,其他,陈佳文,,,,,,,,,
2020/6/1,BDC,林旺腾,TT310转台上的滚床电机键磨损严重，现已重新制作并烧焊加固，电机备件物料号RM98859，东西在中心（南厂油漆权属），请知晓。,3/4,,,备件,林旺腾,,,,,,,,,
2020/6/1,A2MC010,林旺腾,"1.A2MC010 A2MC021 A2MC050队列修改时均是要按DO按钮
2.A2MC010 A2MC021因修改生产者消费者下载过程序。",3/4,,,程序,林旺腾,程序修改记录,,,,,,,,
2020/6/1,A2MC021,林旺腾,"1.A2MC010 A2MC021 A2MC050队列修改时均是要按DO按钮
2.A2MC010 A2MC021因修改生产者消费者下载过程序。",3/4,,,程序,林旺腾,程序修改记录,,,,,,,,
2020/6/1,A2MC025,林旺腾,1.A2MC010 A2MC021 A2MC050队列修改时均是要按DO按钮,3/4,,,程序,林旺腾,程序修改记录,,,,,,,,
2020/6/1,A2MC050,林旺腾,1.A2MC050 LED屏幕有修改，调换MC050JG01和SHUTTL位置。,3/4,,,程序,林旺腾,程序修改记录,,,,,,,,
2020/6/1,A2UB010,林旺腾,1.A2UB010 LED屏幕有修改，增加显示A2MC060APC01队列数量,3/4,,,程序,林旺腾,程序修改记录,,,,,,,,
2020/6/1,A2UB040,林旺腾,1.A2UB010 LED屏幕有修改，增加显示A2MC060APC01队列数量,3/4,,,程序,林旺腾,程序修改记录,,,,,,,,
2020/6/1,UR010_030,林旺腾,1.UR010新增C53 C54 C133 C134四个气缸 均给A2车型使用，程序已经修改，经验证后干涉太多，机械拆除，程序屏蔽。5.UR020拆除A10 C101 C102 C103 C104程序已经屏幕，暂时未删除。,3/4,,,程序,林旺腾,程序修改记录,,,,,,,,
2020/6/1,UR040_050,林旺腾,1.UR010新增C53 C54 C133 C134四个气缸 均给A2车型使用，程序已经修改，经验证后干涉太多，机械拆除，程序屏蔽。5.UR020拆除A10 C101 C102 C103 C104程序已经屏幕，暂时未删除。,3/4,,,程序,林旺腾,程序修改记录,,,,,,,,
2020/6/1,A2SO015,谢诚侃,"供应商修改程序；新增R1,R2,R4同步修磨；",3/4,,,程序,谢诚侃,,,,,,,,,
2020/6/1,A2SO010,谢诚侃,"供应商修改程序；新增R1,R2同步修磨",3/4,,,程序,谢诚侃,,,,,,,,,
2020/6/1,A2SO030,谢诚侃,"供应商修改程序；新增R2,R3,R5同步修磨",3/4,,,程序,谢诚侃,,,,,,,,,
2020/6/1,A2SO020,谢诚侃,"供应商修改程序；新增R3,R6同步修磨",3/4,,,程序,谢诚侃,,,,,,,,,
2020/6/2,CV12,谢诚侃,新安装的TT02转台到位检测信号不稳定，现在强制，A班会调整修复,2/4,,,硬件,谢诚侃,,,,,,,,,
2020/6/2,A10_A2_DL,谢诚侃,A2T2 SLIDE气缸锁紧缸手动条件有缺陷，RET时候气缸不能保持，现修改程序,3/4,,,程序,谢诚侃,,,,,,,,,
2020/6/2,FI060,林旺腾,MR1 Y方向至MAIN时过头一点，回退时第一次变频器报警，第二次回退ok，中班结束后清洁导轨，请继续跟踪。,3/4,,,机械,林旺腾,,,,,,,,,
2020/6/2,CV6,林旺腾,表调生产要求，CV6有故障时，HMI边上的旋转报警灯要亮，用作提示。 Q00189条件中并联250M，43i（CV6高报）,3/4,,,程序,林旺腾,,,,,,,,,
2020/6/2,CV7,林旺腾,有两辆小车同时进总拼道（TS272前面），怀疑小车没扫出条码，位置丢失，清洁过条码后没有再发生，请继续跟踪。,3/4,,,其他,林旺腾,,,,,,,,,
2020/6/3,ALL,谢诚侃,今日无要事,4/4,,,,,,,,,,,,,
2020/6/3,A10_A2_DL,林旺腾,A2_DL020TT--》B008_A2DL020TT_Setup--》TTMotor.Fwd.InPosRange 由40→42，请知晓。,3/4,,,程序,林旺腾,,,,,,,,,
2020/6/3,CV7,林旺腾,OP5柜无法复位急停，现将CV7Cell1--》zM010_2HMIs--》rung4 并联OP柜的急停复位，请知晓。,3/4,,,程序,林旺腾,,,,,,,,,
2020/6/4,ALL,龚伟杰,宇方提交了一版最新的HMI，放在交接文件夹里了，后续帮忙分类放在备份文件夹里,3/4,,,程序,龚伟杰,,,,,,,,,
2020/6/4,CV6,龚伟杰,CV6 HMI1修改了一部分缺失变量，程序放在交接文件夹内，后续更新程序请使用此版本，周末停产会下载HMI,3/4,,,程序,龚伟杰,,,,,,,,,
2020/6/4,CV12,谢诚侃,C1柜风扇修复，0V线断,3/4,,,线路,谢诚侃,,,,,,,,,
2020/6/4,CV7,陈佳文,cv7 37#车发生一次进总拼公共段时失电的情况，拖动后恢复，检查电排及电排进线未有明显异常。再遇到时需关入维修区详查,2/4,,,其他,陈佳文,,,,,,,,,
2020/6/4,E2MC10,陈佳文,发生一次车型无法写入RFID的故障，BALLUFF模块断电后恢复。请知晓,3/4,,,其他,陈佳文,,,,,,,,,
2020/6/4,CV7,陈佳文,CV7 38#车发生一次在进E2 LH LOAD 段前的整段弯道 条码读不出。清洁读码头和条码后恢复，请知晓。读码器物料：SG22212,2/4,,,其他,陈佳文,,,,,,,,,
2020/6/4,FO090,陈佳文,下班前做LL时发生左前GATELOCK关闭信号不到位(628i)，强制做到下班。下班后空关LL GATE检查，并清洁传感器，信号正常强，制已放。开班在跟踪一下,2/4,,,其他,陈佳文,,,,,,,,,
2020/6/5,CV6,龚伟杰,271#雪橇变形，导致在CV6 RB03上翘起，TL01横移机接车离开时与雪橇支架顶部干涉，导致车辆倾斜、两根横移叉之间不同步、雪橇偏离RB03，现已修复。271#关在CV6雪橇返修区，横移叉驱动链条因为受过外力，所以有些拉长。现在调整涨紧，之后再找找看备件进行更换（调了SG29176，明天过来，但不太确定需要确认一下，另外东昌后花园还有一根横移叉备件，找不到的话再考虑）。,3/4,,,其他,龚伟杰,,,,,,,,,
2020/6/5,CV7,陈佳文,OP5HMI 有过几次通讯不稳定，跳模式。打开柜门散热后未发生过。再有发生可以考虑换1734-AENTR模块了 模块已领出，早班帮忙刷一下IP,2/4,,,通讯,陈佳文,,,,,,,,,
2020/6/5,E2SB_A2_HD_DL020,陈佳文,发生一次feed2 ADV 动了一点后 feed1 adv位置丢失（实际还差一点到位）的故障。强制让feed2 ret到位后，手动开feed1 adv到位后恢复自动。请知晓,3/4,,,其他,陈佳文,,,,,,,,,
2020/6/5,A2SO20,陈佳文,"发生一次20R6做RT LL时 有hold 维修手动焊完RTLL后上自动，导致20r3 r4 焊接完成信号没有latch、OTL(A2SO010R3_DropComp_RH) 被复位。此时20R3 R4 重新调用RTLL的程序在SEG1,R6调用LTLL程序SEG50 ，20R5不启动，20R1抓料后不涂胶。 把20R3 R4回HOME后把OTL(A2SO020R4WeldClr1.ProcComp)，OTL(A2SO020R3WeldClr1.ProcComp)  置ON，把OTL(A2SO010R3_DropComp_RH)置ON后恢复。
主要原因是机器人手动开完后，没有完成信号",3/4,,,程序,陈佳文,,,,,,,,,
2020/6/6,CV14,林旺腾,10#小车接触器损坏（SE01200 ），明天A班修理，请知晓。,3/4,,,其他,林旺腾,,,,,,,,,
2020/6/6,E2LB_DL,林旺腾,在切换LL时，030DL工位的真空阀会吸，程序上没看到有吸的命令触发，怀疑信号线有短路，已和YF说过，明天查线。,3/4,,,其他,林旺腾,,,,,,,,,
2020/6/6,E2SO010R,林旺腾,E2SO050R2抓内板去放料时，会等待R1抓完外板，机器人修改了ZONE，PLC程序内：当50Pallet上有外板、无内板时才允许R2机器人去拍照，切换位lin_20200606，请继续跟踪。,3/4,,,程序,林旺腾,,,,,,,,,
2020/6/6,E2MC090,谢诚侃,OP1控制柜内1734模块，急停输入信号1003线松动，引起急停。修复,3/4,,,线路,谢诚侃,,,,,,,,,
2020/6/6,其他,谢诚侃,补焊暗灯板产量这里的线排接头坏，没有数字显示，且字体为红色，修理,3/4,,,线路,谢诚侃,,,,,,,,,
2020/6/7,CV12,林旺腾,更换TT02 RB04进车方向的停止位传感器，感应距离由25--》35，开线请注意。,3/4,,,其他,林旺腾,,,,,,,,,
2020/6/7,其他,林旺腾,A2底板/前围的暗灯最下面的电源更换，从CV7取出两块，其中一块是坏的，已丢弃，CV7还有两块旧类型的电源（带风扇），请知晓。,3/4,东昌的是两块新类型电源（不带风扇）,,备件,林旺腾,,,,,,,,,
2020/6/7,CV14,林旺腾,10#更换交流接触器（3TF30 01-0X），原型号没有，SG61030替代，测试ok，仍关在CV14，明天早班A班会放出来并跟踪，请知晓。,3/4,,,备件,林旺腾,,,,,,,,,
2020/6/7,FI030,林旺腾,YF新增四个传感器，接在FI040滚床旁边的13#模块，目前用3879M屏蔽，请知晓。,3/4,,,程序,林旺腾,,,,,,,,,
2020/6/7,E2LB_DL,林旺腾,更换接头到LL真空发生器的传感器线，目前切换车型不会一直吸气，但在切换过车中真空发生器会不停吸气，怀疑接头处有问题，之后重新做头，请继续跟踪。,3/4,,,线路,林旺腾,,,,,,,,,
2020/6/7,A2HD10,谢诚侃,T3模块通讯不稳定，更换总的以太网线,3/4,,,线路,谢诚侃,,,,,,,,,
2020/6/7,CV14,谢诚侃,开班A2公共道里多了一个SL侧围，今天无SL车型，手动拉回道里。等做SL车型时需要人工干预,2/4,,,其他,谢诚侃,,,,,,,,,
2020/6/7,UR040,谢诚侃,发生数次IN传感器丢失，调整传感器,3/4,,,其他,谢诚侃,,,,,,,,,
2020/6/7,CV6,谢诚侃,供应商修改程序；.CV6触摸屏新增A2LL，A2SL相机Bypass按钮，暂未启用，ByPass用原来的按钮,3/4,,,程序,谢诚侃,,,,,,,,,
2020/6/7,A2SI010L,谢诚侃,供应商修改程序；SI010L/R新增服务件选择按钮,3/4,,,程序,谢诚侃,,,,,,,,,
2020/6/7,A2SO010,谢诚侃,供应商修改程序；取消SO030R5与SO030R2、SO030R3一起修模；增加SO030R5在SO020R5进30之后才能开始修模,3/4,,,程序,谢诚侃,,,,,,,,,
2020/6/8,A2HD10,陈佳文,PM20发生过一次通讯故障，断电后恢复。后续再发生可把T1 T3线路分开,3/4,,,通讯,陈佳文,,,,,,,,,
2020/6/8,cv8,陈佳文,RB270 stopper 关闭信号异常，变频器上输入点损坏，现程序旁路，夜班需要更换点位,2/4,,,线路,陈佳文,,,,,,,,,
2020/6/8,RL70,陈佳文,左侧光栅连电脑的插头掉了，已更换。请知晓,3/4,,,其他,陈佳文,,,,,,,,,
2020/6/8,CV8,谢诚侃,用290的XIC(RB290.VFD.I.DI05) /DI04代替RB270的CLAMP的信号,3/4,,,其他,谢诚侃,,,,,,,,,
2020/6/8,CV6,谢诚侃,"HMI1修改，RB01,RB03车型设置界面，没有现在用的车型。修改。并且删除不用的车型按钮",3/4,,,程序,谢诚侃,,,,,,,,,
2020/6/9,A2SO020,林旺腾,R4机器人HOLD，因为左边转台做好抓走后又放了新的外板，此时R4机器人启动的Auto不满足，现供应商在Auto条件里并入SO020LT2_MainCycle_ProcComp条件，请继续跟踪。,3/4,,,程序,林旺腾,,,,,,,,,
2020/6/9,CV6,林旺腾,"CV6最新程序已放入一号机中，“CV6_20200610”,请知晓。",3/4,,,程序,林旺腾,,,,,,,,,
2020/6/9,RL120_130,林旺腾,120工位HMI之前被人重启后选择老的文件（无单边切孔功能），现切换回20191216版本，请知晓。,3/4,,,程序,林旺腾,,,,,,,,,
2020/6/9,FO20,陈佳文,FO20 30 几台机器人E网通讯故障频繁，把上位机网线拔下后没有发生过。早班请IT看下,2/4,,,通讯,陈佳文,,,,,,,,,
2020/6/9,A2FR,陈佳文,T1转台从51#模块之后（包括51#）通讯不稳定，更换50#--》51#的短线后恢复正常。可能是通讯线和模块上信号线捆绑在一起，导致通讯线接头处受力导致,3/4,,,通讯,陈佳文,,,,,,,,,
2020/6/10,A2SO015,林旺腾,"C:\SPBS_Monitor_LOG\A2SO015_OPEN_DOOR.TXT,新建G2门监测，用于记录安全门人为进入时间和SL 挂料不到位相关报警计数，请知晓。",3/4,,,程序,林旺腾,,,,,,,,,
2020/6/10,FO150,林旺腾,150Door1坏，现用140Door1替代，切换位JFM140Door2_Backup_JFM150Door1_togglebit，S010_MainCycle--》rung1，切换位处切断，请知晓。,3/4,,,程序,林旺腾,,,,,,,,,
2020/6/10,CV4,陈佳文,生产RB107右侧光栅一直跳1，原因是过车时车身偶尔会被扫到。已微调扫描区域，请知晓，并跟踪,2/4,,,其他,陈佳文,,,,,,,,,
2020/6/10,A2UB10,陈佳文,中底板吊具导轨吊点，螺母松脱后失效。原因是螺母没有做防松处理。当班维修已做放松处理并恢复吊点，请知晓,3/4,,,机械,陈佳文,,,,,,,,,
2020/6/10,RD10,陈佳文,10#转台LS2超程限位失效，程序中断开可能线缆不好，夜班维修检修,2/4,,,其他,陈佳文,,,,,,,,,
2020/6/10,CV4,陈佳文,106左侧光栅继电器独眼龙次数较多，下班后已更换,3/4,,,硬件,陈佳文,,,,,,,,,
2020/6/11,E2SB_FD060,谢诚侃,65#工位电机空开E416CB跳闸，控制柜到电机开关的电缆有短路，目前飞线中，停产日维修班组整改,3/4,,,线路,谢诚侃,,,,,,,,,
2020/6/11,E2SB_A2_HD_DL,谢诚侃,060工位SL前盖车型，70R1有个预抓程序，60R1有预放料，会与060工位内LIFT上升有干涉，且在光栅内。程序修改。只有在LIFT上升到位才能到预抓预放位置,3/4,,,程序,谢诚侃,,,,,,,,,
2020/6/11,E2SB_A2_HD_DL,陈佳文,宇方重新修改了70R1预抓60R1预防的程序，跟踪下来没什么问题，请知晓。切换位：XIC(Yu_Test.30) ,3/4,,,程序,陈佳文,程序修改记录,,,,,,,,
2020/6/11,FO110,陈佳文,"故障：做A2SL时连续发生R8涂胶报警后，1.工位自动出车，后车自动进入 2.机器人无法启动的故障。 
原因： 是机器人的D011 （R8允许开底板勾销的条件M05036 ）在涂胶程序中提早发出（在涂胶质量的判断程序前），导致在HMI涂胶报警之前底板勾销就已经打开。而报HMI报警后 ，HMI只会跳为手动模式（为了不影响90#正常做），并不会影响机运线，同时勾销打开后，机运线上升条件也满足，所以会自动升起出车。
措施：修改机器人程序，把DO11放到涂胶检测程序之后。",3/4,,,程序,陈佳文,,,,,,,,,
2020/6/12,E2LB_A2_DL,谢诚侃,MCM模具工装夹头不动作，PM12阀岛在之前搬迁时受过撞击。阀岛与阀片虚接触。现重新安装,3/4,,,线路,谢诚侃,,,,,,,,,
2020/6/12,A2SO010,林旺腾,"10R3机器人第一次焊接完成，准备二次焊，在等10R2第一次焊接完成，10R2机器人第一次焊接未完成（seg50，等zone），两台机器人互等；10R3进入第一次焊接的条件是10R1,10R2完成第一次焊接；怀疑是10R3的一次焊完成信号没清掉
后面机器人都开回HOME重新打了一遍，导致10R1走了两次seg50，20R1的LoadSequence多了一个20，删除队列后恢复正常，请继续跟踪。",3/4,,,程序,林旺腾,,,,,,,,,
2020/6/12,CV6,林旺腾,发生过一次RB03A不往A608出车的情况，当时维修松刹车手动往前推，没看到具体什么不好，请继续跟踪。,3/4,,,其他,林旺腾,,,,,,,,,
2020/6/13,BDC,谢诚侃,A106控制柜内14号站点通讯故障，更换D型接头，后续需要与油漆车间统一E200的备件型号，及升级，便于维修,3/4,,,通讯,谢诚侃,,,,,,,,,
2020/6/13,BDC,林旺腾,BDC SLOT14通讯故障频繁，中班结束更换通讯模块，请继续跟踪。,3/4,,,通讯,林旺腾,,,,,,,,,
2020/6/13,FO090,林旺腾,A2LL左边gate 通讯上不去，更换staubli，发现STAUBLI到模块的方形接头中有一根线松开，现紧固，请继续跟踪。,3/4,,,通讯,林旺腾,,,,,,,,,
2020/6/14,BDC,陈佳文,14#站点 ET200 跟换后，无异常,3/4,,,通讯,陈佳文,,,,,,,,,
2020/6/14,FO090,陈佳文,90#开班恢复后，发现LL GATE 仍有模块通讯状态在抖动5# 6#，可以正常生产。在每次切换时，飞了4#--》5# 、5#-》6#、6#-->7#、更换终端电阻，故障依旧。早班结束前做SL时，把LL切出来检查所有模块的线缆接头，及分段测试终端电阻。夜班需要继续跟踪,2/4,,,通讯,陈佳文,,,,,,,,,
2020/6/14,E2SO005,林旺腾,一直跳G1门急停，跟踪发现是以太网安全输入模块掉网（MS灯闪红色），可能是过热了，现将柜门打开通风后没有跳急停现象，备件放在柜子里，如有问题可及时更换，请知晓。,3/4,,,通讯,林旺腾,,,,,,,,,
2020/6/15,CV5,陈佳文,今天发生一次RB01 RFID 读取失败后没有自动BYPASS的情况，生产对此比较抱怨。修改自动Bypass条件，并把延时降低5秒->2秒,3/4,,,程序,陈佳文,,,,,,,,,
2020/6/15,CV3,陈佳文,"生产反应CV3横移机慢影响总拼线速，现场看下来TC02横移较慢，修改程序把前进后退高速分开，并把RET 空载高速调高7000-->8500,adv负载高速调高，7000-->7500,请知晓",3/4,,,程序,陈佳文,,,,,,,,,
2020/6/15,FO090,陈佳文,FO090 A2LL 5#模块通信位抖动依旧。做SL时切出LL GATE后外接PLC测试gate通讯位，结果正常，可以排除模块和线缆问题。怀疑GATE STAUBLI接头问题，备件给光耀了,2/4,,,通讯,陈佳文,,,,,,,,,
2020/6/15,E2SO070L,谢诚侃,Pallet从动轮损坏更换，轴及轴承备件。轴承备件（YG13571，SE14276，SE14463）,3/4,,,备件,谢诚侃,,,,,,,,,
2020/6/15,FO090,谢诚侃,雌雄两套Staubli都是绿色通讯线断，备件修复,3/4,,,备件,谢诚侃,,,,,,,,,
2020/6/16,FO090,陈佳文,A2LL GATE 更换5# 6#模块，更换后通讯状态暂时稳定，继续跟踪,3/4,,,通讯,陈佳文,,,,,,,,,
2020/6/16,FO090,陈佳文,R4 L4偶尔会掉错程序，现把提前启动功能关闭，目测不影响CT   (23052M FORCE OFF ),3/4,,,程序,陈佳文,,,,,,,,,
2020/6/16,E2SO060L,陈佳文,调整60上层高速25--》30，低速2--》3 请知晓,3/4,,,程序,陈佳文,,,,,,,,,
2020/6/16,E2SO061L,陈佳文,开启E2SO左侧上层联动，切换位XIC(Yu_Test.0)请知晓并跟踪,2/4,,,程序,陈佳文,,,,,,,,,
2020/6/16,E2SO070R,陈佳文,生产反应E2SO焊接时，有机器人修磨的话，会使其他机器人HOLD，修改了70R2的程序，需跟踪。切换位cjw20200616.,2/4,,,程序,陈佳文,,,,,,,,,
2020/6/16,E2SO070R,谢诚侃,RFID模块故障，无法读取数据。断电后恢复,3/4,,,其他,谢诚侃,,,,,,,,,
2020/6/16,CV7,谢诚侃,UNLOAD出车处光栅镜片故障，影响出车，已擦拭,3/4,,,其他,谢诚侃,,,,,,,,,
2020/6/16,FO000,谢诚侃,HMI3 160处 白屏，更换,3/4,,,备件,谢诚侃,,,,,,,,,
2020/6/17,CV4,林旺腾,RB134皮带撕裂，已更换。,3/4,,,备件,林旺腾,,,,,,,,,
2020/6/17,RL170,林旺腾,左后升降滚床摆臂随动轴承（SG14288)磨损，已更换。,3/4,,,备件,林旺腾,,,,,,,,,
2020/6/17,E2SO050L,林旺腾,E2SO060进车联动延时变量SyncDelay060L由2000--》3000，E2SO070L的联动变量SyncDelay070L延时由5000--》1500，并加入AUTO条件中的PRB.IDC1.Bypasssync条件中，请继续跟踪。,3/4,,,程序,林旺腾,,,,,,,,,
2020/6/17,E2SO060L,谢诚侃,修改的程序，RFID读取数据超时报警频繁，暂时先恢复之前的程序。,3/4,,,程序,谢诚侃,,,,,,,,,
2020/6/17,FI030,谢诚侃,发生两次SL低配2，3号横梁拍摄都不通过，请注意,2/4,,,其他,谢诚侃,,,,,,,,,
2020/6/18,FI060,龚伟杰,A2SL 左侧GATE上UN212LC270 CLAMP气缸损坏，中午更换过气缸之后关闭信号I6542好了，打开信号I6534还要调整，目前强制中,2/4,,,程序,龚伟杰,,,,,,,,,
2020/6/18,CV4,陈佳文,生产要求修改CV4 A2车型显示，原来只显示60 70，需要显示高低配。修改程序，切换位：%M08245（barcode1）; %M08246（barcode2）请知晓，跟踪,3/4,,,程序,陈佳文,程序修改记录,,,,,,,,
2020/6/18,A10_A2_DL,陈佳文,钱毅吉怀疑烧T2转台时，转台信号抖动造成激光停止。要求焊接T2时不检测转台到位信号。切换位：XIO(cjw20200619) ,2/4,,,程序,陈佳文,,,,,,,,,
2020/6/18,CV14,陈佳文,31#小车在10#unload段出车时卡住，多人推动小车后恢复，已关入维修区。 原因：左前平衡轮位置低于平衡轮安装支架，导致了安装支架与升降机的平衡扁担接触，增大了摩擦力。,2/4,,,机械,陈佳文,,,,,,,,,
2020/6/18,E2LB_A2_DL,陈佳文,发生2次A2LL胎膜 ADV到位 DieLocationPin关闭后 adv位置会丢失，临时修改程序。切换位：XIC(cjw20200619) ，早班再跟踪一下,2/4,,,程序,陈佳文,,,,,,,,,
2020/6/19,FI060,林旺腾,"马工要求，FI060 A2SL GATE切到centre位后，FI030的A2SL才能出车，FI060（3032Q）+FI000(2016I),请知晓。",3/4,已屏蔽该功能,,程序,林旺腾,,,,,,,,,
2020/6/19,E2SO050L,林旺腾,钱老板要求：当Pallet碰到下一个工位的减速时，上一个工位允许进车，切换位lin_20200619，请继续跟踪。,3/4,,,程序,林旺腾,,,,,,,,,
2020/6/19,E2LB_A2_DL,林旺腾,LL胎膜在ret位置时编码器数值会突变造成位置丢失，现将ret完成信号和用于ret命令中断的信号分开，当ret时需>-25000，检测ret位时仅需要>-28940，切换位lin_20200619，发生过一次A2LLServoControl.16和A2LLServoControl.19不停在跳，可能是A2LLDieChgServo_R_RetEnd的线圈下面没有并入DieChangeToHMIA2LLDieChangeServoStaData赋值为2，现已修改，请继续跟踪。,3/4,,,程序,林旺腾,,,,,,,,,
2020/6/19,E2SO050R,林旺腾,050上减速传感器PE2现场看到传感器亮（JG250919），但程序内没收到信号，强制让Pallet进入下一工位后恢复，请继续跟踪。,3/4,,,程序,林旺腾,,,,,,,,,
2020/6/19,A2SO15,陈佳文,APC SL 发生过1# 7#两块拖板卡住，链条带不动的情况，人工干预后做润滑处理，可正常生产，请知晓跟踪,2/4,,,机械,陈佳文,,,,,,,,,
2020/6/19,E2SO010R,陈佳文,10#靠近FO侧光栅报E1，已更换。,3/4,,,其他,陈佳文,,,,,,,,,
2020/6/20,FO090,谢诚侃,LB右侧GATE14号阀阀岛坏，更换,3/4,,,备件,谢诚侃,,,,,,,,,
2020/6/20,CV6,谢诚侃,LT01滚床承载限位208i传感器触发，检查相关机械部件,3/4,,,机械,谢诚侃,,,,,,,,,
2020/6/20,FO120,谢诚侃, 涂胶报警多，复位需要按密码，马工要求暂时关闭密码功能，记录在强制记录中 1710M,2/4,,,其他,谢诚侃,,,,,,,,,
2020/6/20,CV14,陈佳文,15#车在弯道处卡，原因：转向关节下侧衬套没装，摩擦力大。小车在A2LL buffer里 交接早班维修关入维修,2/4,,,机械,陈佳文,,,,,,,,,
2020/6/20,ALL,陈佳文,东昌领出的 8mm接近传感器 YB15615不能直接使用（收不到信号），需重新做头 接1，4 （原来接的是1 ，3），需要注意。,2/4,型号：BI2-EG08-AG41X,,备件,陈佳文,,,,,,,,,
2020/6/21,A2HD10,谢诚侃,T3转台通讯故障一次，T3转台通讯应该已经和T1分开，单独从Cell Switch出来的,2/4,,,通讯,谢诚侃,,,,,,,,,
2020/6/21,CV12,林旺腾,修改TC50手动条件，和自动条件一致，切换位12993M，自动条件下验证3辆车OK，开线请注意。,3/4,,,程序,林旺腾,,,,,,,,,
2020/6/21,FO090,林旺腾,CV7上有一个STAEUBLI 雄头Profibus的接地和电源的接地接反了，需要从中心调雄插针（SG27982），明天修复，其余都ok。,3/4,,,备件,林旺腾,,,,,,,,,
2020/6/21,其他,林旺腾,Altas电枪备份时显示需使用新版本软件，目前的软件版本为10.9，网上没找到最新的，麻烦早班联系下ME或厂家有更新的软件吗。,2/4,尹工说当时厂家不肯给软件,,其他,林旺腾,,,,,,,,,
2020/6/21,A2MC025,林旺腾,供应商修改程序,3/4,,,程序,林旺腾,,,,,,,,,
2020/6/22,E2SO060R,谢诚侃,SB 2号PALLET车型已经设置，在线上运行,3/4,,,其他,谢诚侃,,,,,,,,,
2020/6/22,CV6,谢诚侃,供应商程序修改，HMI上添加SL和LL BYPASS按钮,3/4,,,程序,谢诚侃,,,,,,,,,
2020/6/22,E2LB_A2_DL,谢诚侃,"供应商宇方修改程序：
1. 后盖绲边工位DL040，Sequence调用修改，DL040Scolist区分车型显示，各车型胎膜在Adv位置，只显示该车型的操作列表；
2. 新增三车型胎膜回退到位传感器，确认后退ret 到位。MCM(PPX60),A2SL(PPX61),A2LL(PPX62),程序点:A2SL:(A2SL_DieChangeReturn_Comp) A2LL:(A2LL_DieChangeReturn_Comp) ；MCM:MCM_DieChangeReturn_Comp）；
3. 启用短接点Yu_test.11，胎膜到位后，使能断开A2SLServoControl[1].2，只有在运行指令时释放使能。避免胎膜抖动，位置丢失。
4. 修改DL040 Scolist 把原所有胎膜Dump加上注释",3/4,,,程序,谢诚侃,,,,,,,,,
2020/6/22,E2SO005,谢诚侃,急停故障频发，暂时从Cell Swich直接飞通讯线至HMI,3/4,,,通讯,谢诚侃,,,,,,,,,
2020/6/22,E2SO050R,谢诚侃,Pallet不前进，Armstar刹车继电器损坏，更换刹车继电器,3/4,,,备件,谢诚侃,,,,,,,,,
2020/6/22,E2SO050R&E2SO050L,林旺腾,为防止刹车接触器频繁动作，050，060，070上层Armorstart 260参数统一由0--》0.1，请知晓。,3/4,,,程序,林旺腾,,,,,,,,,
2020/6/22,FO090,林旺腾,STAEUBLI修复放至CV7备件区，请知晓。,3/4,,,备件,林旺腾,,,,,,,,,
2020/6/23,CV6,陈佳文,RB01 SB拍照报警多，看下来是补光灯时序问题，修改补光灯程序 Q00201 ，跟踪状态,3/4,,,程序,陈佳文,,,,,,,,,
2020/6/23,E2SO050R,陈佳文,修改60 70 机器人修磨启动程序：机器人全都回home，才允许修磨。切换位：XIC(cjw20200623) 请跟踪状态,3/4,,,程序,陈佳文,,,,,,,,,
2020/6/23,CV6,陈佳文,RB01 LL拍照报警多，修改高配程序的，允许旋转（调小），检测框放大，请跟踪状态,2/4,跟踪状态OK,,程序,陈佳文,,,,,,,,,
2020/6/23,BDC,林旺腾,103AVI站点通讯丢失，导致无法自动放车，强制放车至BDC满后IT来人处理，自动模式下过车一辆（前面塞满），请继续跟踪。,2/4,,,通讯,林旺腾,,,,,,,,,
2020/6/24,CV8,陈佳文,M2柜，最右侧安全IO模块报警，断电后恢复。请知晓,3/4,,,通讯,陈佳文,,,,,,,,,
2020/6/24,CV6,陈佳文,LL RB02 高配相机重新设定范围，略降低定位器识别率，继续跟踪,3/4,,,程序,陈佳文,,,,,,,,,
2020/6/24,其他,林旺腾,周君说控制室内的电脑桌面上有很多文件，不知道是不是我们的，麻烦早班看下。,3/4,,,其他,林旺腾,,,,,,,,,
2020/6/24,E2LB_A2_DL,林旺腾,生产反映产量计数不准，现修改各车型计数条件，切换位LIN_20200625，请继续跟踪。,3/4,,,程序,林旺腾,,,,,,,,,
2020/6/24,FI000,林旺腾,发生过一次安全继电器跳独眼龙，更换C1柜内E37-03SM安全接触器，请继续跟踪。,3/4,,,备件,林旺腾,,,,,,,,,
2020/6/24,FO150,林旺腾,光耀要FO150门的坦克链，光耀说之前调过一次（但不知道是谁），麻烦早班帮忙找下备件。,3/4,,,备件,林旺腾,,,,,,,,,
2020/6/25,CV6,谢诚侃,"新安装康奈时相机接线，拍摄信号为157Q, 相机输入信号红，黑，黄接入原先A10相机盒的三个输入点，293i,291i,292i",3/4,,,其他,谢诚侃,,,,,,,,,
2020/6/25,ALL,陈佳文,ROUTER1更换新路由器，可能要输入密码：7474627879,3/4,,,其他,陈佳文,,,,,,,,,
2020/6/25,E2MC090,陈佳文,在90#测试ARMORSTART备件，已恢复原Armorstart。恢复后，空运行过车4辆，请知晓，开班注意,3/4,,,备件,陈佳文,,,,,,,,,
2020/6/25,CV7,陈佳文,队列顺序错误，已干预并恢复，队列已旁过；现已自动走过一辆小车。开班再注意一下,3/4,,,其他,陈佳文,,,,,,,,,
2020/6/25,RL ,陈佳文,东昌货架上的摆臂和现场使用的摆臂有差异，现场使用的孔深70mm，配合双面涨紧套；东昌备件孔深40mm，配合单面涨紧套使用。现已把东昌备件换上使用。找到两个摆臂物料号，在中心，早班帮忙调过来看看,2/4,"sg23713
sg22056",,备件,陈佳文,,,,,,,,,
2020/6/25,CV4 ,陈佳文,"LT101,班组跟换一个升降导向轮（车头方向下侧，靠近门盖），请知晓",3/4,,,机械,陈佳文,,,,,,,,,
2020/6/26,A2SO010,谢诚侃,工位所有安全门无法复位，安全信号丢失。Backcheck没有，发现是M1柜内的1734网关与1734输入输出模块红灯报错有关，现拔除输出模块的灯接线，更换输出模块，通讯线从CellSwitch处飞线（通讯线可以PING通，应该是好的）,2/4,,,通讯,谢诚侃,,,,,,,,,
2020/6/26,CV6,谢诚侃,CV5 RB02处的LL相机需要再往后调整至于横梁立柱的位置。,2/4,,,配置,谢诚侃,,,,,,,,,
2020/6/26,ALL,陈佳文,Router2 路由器更换 密码：controlteam,3/4,,,其他,陈佳文,,,,,,,,,
2020/6/26,E2SO,陈佳文,陆健反应E2SO50R报警灯损坏  RM85322 早班帮忙调一个到现场,2/4,,,备件,陈佳文,,,,,,,,,
2020/6/26,RL070,陈佳文,右侧光栅时不时跳“1”，看下来应该前镜不好，生产结束后更换。请知晓,3/4,,,其他,陈佳文,,,,,,,,,
2020/6/26,CV6,陈佳文,生产反应RB02 SB拍照报警多.打开补光灯后没报过警,3/4,,,其他,陈佳文,,,,,,,,,
2020/6/26,A2MC60,陈佳文,60#APC01油位报警，MC060APC01-->B001_Mapinputs-->RUNG 17。早班帮忙调点油杯到现场，SG38049(不确定),2/4,,,备件,陈佳文,,,,,,,,,
2020/6/26,CV6,陈佳文,相机位子已调整 A2LL生产结束后调整，关闭内部光源，重新拍照高配车型，开班需跟踪并验证低配,2/4,,,视觉,陈佳文,,,,,,,,,
2020/6/27,A2SO015,龚伟杰,SL APC运行时有异响，是链条中间张紧处轴承损坏导致（3个6003ZE轴承+滚轮套）。生产结束后，用表调拆下的APC上的备件进行更换，后续再跟踪一下状态,3/4,,,机械,龚伟杰,,,,,,,,,
2020/6/24,E2SO050R,林旺腾,警示灯坏了，型号：LTE-1101J，物料号：SG92327&RM85322，麻烦早班帮忙调一个过来。,3/4,,,备件,林旺腾,,,,,,,,,
2020/6/27,E2LB_A2_DL,林旺腾,生产反映中班计数没有清零，现做了PLC内部时间变量替换IT早中班开班信号，切换位lin_20200627，请早班看下计数状态。,3/4,,,程序,林旺腾,,,,,,,,,
2020/6/27,CV4,林旺腾,右侧颜色传感器（下方）感应数值无，现初始化后重新调整，请继续跟踪。,3/4,,,其他,林旺腾,,,,,,,,,
